id,category,description,domain,patentability_score,commercial_potential,keystone_nodes,synergy_connections,execution_layers,phase_deployment,output_type
1501,Sensor Fusion,Multi-sensor fusion for localization applications using iot & sensor networks approaches,D12,0.88,0.92,Edge computing;IoT protocols,D3;D16,QNimbus,1,simulation
1502,Edge Computing,Edge Computing simulation and optimization using iot & sensor networks approaches,D12,0.72,0.93,,D20,QNimbus,1,model
1503,Network Protocols,Network Protocols simulation and optimization using iot & sensor networks approaches,D12,0.92,0.75,,D8;D20,QNimbus,1,analysis
1504,IoT Security,IoT Security simulation and optimization using iot & sensor networks approaches,D12,0.93,0.91,,D16,QNimbus,1,optimization
1505,Smart Devices,Smart Devices simulation and optimization using iot & sensor networks approaches,D12,0.84,0.88,,D8,QNimbus,1,design
1506,Sensor Fusion,Multi-sensor fusion for recognition applications using iot & sensor networks approaches,D12,0.92,0.93,,D20;D3,QNimbus,1,prediction
1507,Edge Computing,Edge Computing simulation and optimization using iot & sensor networks approaches,D12,0.94,0.92,,D20,QNimbus,1,simulation
1508,Network Protocols,Network Protocols simulation and optimization using iot & sensor networks approaches,D12,0.85,0.69,,D16,QNimbus,1,model
1509,IoT Security,IoT Security simulation and optimization using iot & sensor networks approaches,D12,0.92,0.81,,D3,QNimbus,1,analysis
1510,Smart Devices,Smart Devices simulation and optimization using iot & sensor networks approaches,D12,0.8,0.72,,D3,QNimbus,1,optimization
1511,Sensor Fusion,Multi-sensor fusion for tracking applications using iot & sensor networks approaches,D12,0.94,0.79,,D16,QNimbus,1,design
1512,Edge Computing,Edge Computing simulation and optimization using iot & sensor networks approaches,D12,0.74,0.9,,D16,QNimbus,1,prediction
1513,Network Protocols,Network Protocols simulation and optimization using iot & sensor networks approaches,D12,0.9,0.88,,D16,QNimbus,1,simulation
1514,IoT Security,IoT Security simulation and optimization using iot & sensor networks approaches,D12,0.81,0.82,,D3,QNimbus,1,model
1515,Smart Devices,Smart Devices simulation and optimization using iot & sensor networks approaches,D12,0.91,0.76,,D3;D16,QNimbus,1,analysis
1516,Sensor Fusion,Multi-sensor fusion for localization applications using iot & sensor networks approaches,D12,0.83,0.73,,D8;D20,QNimbus,1,optimization
1517,Edge Computing,Edge Computing simulation and optimization using iot & sensor networks approaches,D12,0.93,0.83,,D3,QNimbus,1,design
1518,Network Protocols,Network Protocols simulation and optimization using iot & sensor networks approaches,D12,0.7,0.69,,D20;D8,QNimbus,1,prediction
1519,IoT Security,IoT Security simulation and optimization using iot & sensor networks approaches,D12,0.89,0.91,,D8,QNimbus,1,simulation
1520,Smart Devices,Smart Devices simulation and optimization using iot & sensor networks approaches,D12,0.82,0.75,,D20;D3,QNimbus,1,model
1521,Sensor Fusion,Multi-sensor fusion for recognition applications using iot & sensor networks approaches,D12,0.92,0.75,,D16,QNimbus,1,analysis
1522,Edge Computing,Edge Computing simulation and optimization using iot & sensor networks approaches,D12,0.94,0.8,,D20;D16,QNimbus,1,optimization
1523,Network Protocols,Network Protocols simulation and optimization using iot & sensor networks approaches,D12,0.91,0.9,,D16;D20,QNimbus,1,design
1524,IoT Security,IoT Security simulation and optimization using iot & sensor networks approaches,D12,0.84,0.74,,D3;D20,QNimbus,1,prediction
1525,Smart Devices,Smart Devices simulation and optimization using iot & sensor networks approaches,D12,0.88,0.92,,D16;D8,QNimbus,1,simulation
1526,Sensor Fusion,Multi-sensor fusion for tracking applications using iot & sensor networks approaches,D12,0.76,0.81,,D16;D3,QNimbus,1,model
1527,Edge Computing,Edge Computing simulation and optimization using iot & sensor networks approaches,D12,0.92,0.87,,D3;D16,QNimbus,1,analysis
1528,Network Protocols,Network Protocols simulation and optimization using iot & sensor networks approaches,D12,0.71,0.82,,D8,QNimbus,1,optimization
1529,IoT Security,IoT Security simulation and optimization using iot & sensor networks approaches,D12,0.91,0.92,,D8;D16,QNimbus,1,design
1530,Smart Devices,Smart Devices simulation and optimization using iot & sensor networks approaches,D12,0.84,0.77,,D20,QNimbus,1,prediction
1531,Sensor Fusion,Multi-sensor fusion for localization applications using iot & sensor networks approaches,D12,0.77,0.76,,D3;D16,QNimbus,1,simulation
1532,Edge Computing,Edge Computing simulation and optimization using iot & sensor networks approaches,D12,0.72,0.81,,D3,QNimbus,1,model
1533,Network Protocols,Network Protocols simulation and optimization using iot & sensor networks approaches,D12,0.91,0.9,,D16,QNimbus,1,analysis
1534,IoT Security,IoT Security simulation and optimization using iot & sensor networks approaches,D12,0.83,0.91,,D20,QNimbus,1,optimization
1535,Smart Devices,Smart Devices simulation and optimization using iot & sensor networks approaches,D12,0.86,0.71,,D3;D8,QNimbus,1,design
1536,Sensor Fusion,Multi-sensor fusion for recognition applications using iot & sensor networks approaches,D12,0.77,0.92,,D20,QNimbus,1,prediction
1537,Edge Computing,Edge Computing simulation and optimization using iot & sensor networks approaches,D12,0.76,0.9,,D20;D8,QNimbus,1,simulation
1538,Network Protocols,Network Protocols simulation and optimization using iot & sensor networks approaches,D12,0.86,0.87,,D8,QNimbus,1,model
1539,IoT Security,IoT Security simulation and optimization using iot & sensor networks approaches,D12,0.91,0.88,,D8,QNimbus,1,analysis
1540,Smart Devices,Smart Devices simulation and optimization using iot & sensor networks approaches,D12,0.94,0.89,,D3,QNimbus,1,optimization
1541,Sensor Fusion,Multi-sensor fusion for tracking applications using iot & sensor networks approaches,D12,0.71,0.75,,D16,QNimbus,1,design
1542,Edge Computing,Edge Computing simulation and optimization using iot & sensor networks approaches,D12,0.9,0.72,,D8;D3,QNimbus,1,prediction
1543,Network Protocols,Network Protocols simulation and optimization using iot & sensor networks approaches,D12,0.89,0.92,,D3;D16,QNimbus,1,simulation
1544,IoT Security,IoT Security simulation and optimization using iot & sensor networks approaches,D12,0.78,0.74,,D16;D8,QNimbus,1,model
1545,Smart Devices,Smart Devices simulation and optimization using iot & sensor networks approaches,D12,0.87,0.93,,D8;D3,QNimbus,1,analysis
1546,Sensor Fusion,Multi-sensor fusion for localization applications using iot & sensor networks approaches,D12,0.88,0.81,,D8,QNimbus,1,optimization
1547,Edge Computing,Edge Computing simulation and optimization using iot & sensor networks approaches,D12,0.85,0.73,,D20;D8,QNimbus,1,design
1548,Network Protocols,Network Protocols simulation and optimization using iot & sensor networks approaches,D12,0.71,0.75,,D16,QNimbus,1,prediction
1549,IoT Security,IoT Security simulation and optimization using iot & sensor networks approaches,D12,0.9,0.91,,D16,QNimbus,1,simulation
1550,Smart Devices,Smart Devices simulation and optimization using iot & sensor networks approaches,D12,0.93,0.74,,D3,QNimbus,1,model
1551,Sensor Fusion,Multi-sensor fusion for recognition applications using iot & sensor networks approaches,D12,0.81,0.88,,D8,QNimbus,1,analysis
1552,Edge Computing,Edge Computing simulation and optimization using iot & sensor networks approaches,D12,0.89,0.88,,D3;D16,QNimbus,1,optimization
1553,Network Protocols,Network Protocols simulation and optimization using iot & sensor networks approaches,D12,0.85,0.78,,D8,QNimbus,1,design
1554,IoT Security,IoT Security simulation and optimization using iot & sensor networks approaches,D12,0.89,0.79,,D16,QNimbus,1,prediction
1555,Smart Devices,Smart Devices simulation and optimization using iot & sensor networks approaches,D12,0.81,0.71,,D16,QNimbus,1,simulation
1556,Sensor Fusion,Multi-sensor fusion for tracking applications using iot & sensor networks approaches,D12,0.9,0.7,,D8;D3,QNimbus,1,model
1557,Edge Computing,Edge Computing simulation and optimization using iot & sensor networks approaches,D12,0.74,0.71,,D3,QNimbus,1,analysis
1558,Network Protocols,Network Protocols simulation and optimization using iot & sensor networks approaches,D12,0.9,0.77,,D8,QNimbus,1,optimization
1559,IoT Security,IoT Security simulation and optimization using iot & sensor networks approaches,D12,0.72,0.93,,D3,QNimbus,1,design
1560,Smart Devices,Smart Devices simulation and optimization using iot & sensor networks approaches,D12,0.72,0.85,,D3,QNimbus,1,prediction
1561,Sensor Fusion,Multi-sensor fusion for localization applications using iot & sensor networks approaches,D12,0.82,0.8,,D16;D8,QNimbus,1,simulation
1562,Edge Computing,Edge Computing simulation and optimization using iot & sensor networks approaches,D12,0.81,0.85,,D8,QNimbus,1,model
1563,Network Protocols,Network Protocols simulation and optimization using iot & sensor networks approaches,D12,0.93,0.77,,D3,QNimbus,1,analysis
1564,IoT Security,IoT Security simulation and optimization using iot & sensor networks approaches,D12,0.92,0.86,,D16;D20,QNimbus,1,optimization
1565,Smart Devices,Smart Devices simulation and optimization using iot & sensor networks approaches,D12,0.74,0.7,,D16,QNimbus,1,design
1566,Sensor Fusion,Multi-sensor fusion for recognition applications using iot & sensor networks approaches,D12,0.92,0.91,,D8,QNimbus,1,prediction
1567,Edge Computing,Edge Computing simulation and optimization using iot & sensor networks approaches,D12,0.93,0.87,,D20,QNimbus,1,simulation
1568,Network Protocols,Network Protocols simulation and optimization using iot & sensor networks approaches,D12,0.94,0.8,,D8,QNimbus,1,model
1569,IoT Security,IoT Security simulation and optimization using iot & sensor networks approaches,D12,0.93,0.88,,D16,QNimbus,1,analysis
1570,Smart Devices,Smart Devices simulation and optimization using iot & sensor networks approaches,D12,0.71,0.75,,D20;D16,QNimbus,1,optimization
1571,Sensor Fusion,Multi-sensor fusion for tracking applications using iot & sensor networks approaches,D12,0.74,0.72,,D3;D16,QNimbus,1,design
1572,Edge Computing,Edge Computing simulation and optimization using iot & sensor networks approaches,D12,0.95,0.9,Edge computing;IoT protocols,D8,QNimbus,1,prediction
1573,Network Protocols,Network Protocols simulation and optimization using iot & sensor networks approaches,D12,0.79,0.72,,D16,QNimbus,1,simulation
1574,IoT Security,IoT Security simulation and optimization using iot & sensor networks approaches,D12,0.76,0.86,,D3,QNimbus,1,model
1575,Smart Devices,Smart Devices simulation and optimization using iot & sensor networks approaches,D12,0.74,0.89,,D16;D3,QNimbus,1,analysis
1576,Sensor Fusion,Multi-sensor fusion for localization applications using iot & sensor networks approaches,D12,0.73,0.87,,D20,QNimbus,1,optimization
1577,Edge Computing,Edge Computing simulation and optimization using iot & sensor networks approaches,D12,0.78,0.93,,D20;D16,QNimbus,1,design
1578,Network Protocols,Network Protocols simulation and optimization using iot & sensor networks approaches,D12,0.72,0.86,,D3,QNimbus,1,prediction
1579,IoT Security,IoT Security simulation and optimization using iot & sensor networks approaches,D12,0.91,0.78,,D20;D16,QNimbus,1,simulation
1580,Smart Devices,Smart Devices simulation and optimization using iot & sensor networks approaches,D12,0.81,0.86,,D8,QNimbus,1,model
1581,Sensor Fusion,Multi-sensor fusion for recognition applications using iot & sensor networks approaches,D12,0.92,0.69,,D8,QNimbus,1,analysis
1582,Edge Computing,Edge Computing simulation and optimization using iot & sensor networks approaches,D12,0.92,0.74,,D16;D3,QNimbus,1,optimization
1583,Network Protocols,Network Protocols simulation and optimization using iot & sensor networks approaches,D12,0.92,0.83,,D8;D16,QNimbus,1,design
1584,IoT Security,IoT Security simulation and optimization using iot & sensor networks approaches,D12,0.83,0.71,,D20;D16,QNimbus,1,prediction
1585,Smart Devices,Smart Devices simulation and optimization using iot & sensor networks approaches,D12,0.73,0.81,,D3;D20,QNimbus,1,simulation
1586,Sensor Fusion,Multi-sensor fusion for tracking applications using iot & sensor networks approaches,D12,0.7,0.73,,D8,QNimbus,1,model
1587,Edge Computing,Edge Computing simulation and optimization using iot & sensor networks approaches,D12,0.71,0.78,,D3,QNimbus,1,analysis
1588,Network Protocols,Network Protocols simulation and optimization using iot & sensor networks approaches,D12,0.79,0.77,,D8;D16,QNimbus,1,optimization
1589,IoT Security,IoT Security simulation and optimization using iot & sensor networks approaches,D12,0.88,0.76,,D20;D16,QNimbus,1,design
1590,Smart Devices,Smart Devices simulation and optimization using iot & sensor networks approaches,D12,0.7,0.74,,D3,QNimbus,1,prediction
1591,Sensor Fusion,Multi-sensor fusion for localization applications using iot & sensor networks approaches,D12,0.88,0.69,,D16;D20,QNimbus,1,simulation
1592,Edge Computing,Edge Computing simulation and optimization using iot & sensor networks approaches,D12,0.89,0.91,,D8;D20,QNimbus,1,model
1593,Network Protocols,Network Protocols simulation and optimization using iot & sensor networks approaches,D12,0.74,0.91,,D3;D20,QNimbus,1,analysis
1594,IoT Security,IoT Security simulation and optimization using iot & sensor networks approaches,D12,0.74,0.75,,D8,QNimbus,1,optimization
1595,Smart Devices,Smart Devices simulation and optimization using iot & sensor networks approaches,D12,0.91,0.88,,D3,QNimbus,1,design
1596,Sensor Fusion,Multi-sensor fusion for recognition applications using iot & sensor networks approaches,D12,0.83,0.79,,D20,QNimbus,1,prediction
1597,Edge Computing,Edge Computing simulation and optimization using iot & sensor networks approaches,D12,0.89,0.83,,D8,QNimbus,1,simulation
1598,Network Protocols,Network Protocols simulation and optimization using iot & sensor networks approaches,D12,0.82,0.84,,D3;D16,QNimbus,1,model
1599,IoT Security,IoT Security simulation and optimization using iot & sensor networks approaches,D12,0.92,0.76,,D20,QNimbus,1,analysis
1600,Smart Devices,Smart Devices simulation and optimization using iot & sensor networks approaches,D12,0.83,0.82,,D8;D20,QNimbus,1,optimization
1601,Sensor Fusion,Multi-sensor fusion for tracking applications using iot & sensor networks approaches,D12,0.82,0.76,,D20,QNimbus,1,design
1602,Edge Computing,Edge Computing simulation and optimization using iot & sensor networks approaches,D12,0.92,0.73,,D3,QNimbus,1,prediction
1603,Network Protocols,Network Protocols simulation and optimization using iot & sensor networks approaches,D12,0.74,0.74,,D3,QNimbus,1,simulation
1604,IoT Security,IoT Security simulation and optimization using iot & sensor networks approaches,D12,0.74,0.71,,D20;D8,QNimbus,1,model
1605,Smart Devices,Smart Devices simulation and optimization using iot & sensor networks approaches,D12,0.71,0.84,,D8,QNimbus,1,analysis
1606,Sensor Fusion,Multi-sensor fusion for localization applications using iot & sensor networks approaches,D12,0.91,0.84,,D3,QNimbus,1,optimization
1607,Edge Computing,Edge Computing simulation and optimization using iot & sensor networks approaches,D12,0.9,0.93,,D16;D3,QNimbus,1,design
1608,Network Protocols,Network Protocols simulation and optimization using iot & sensor networks approaches,D12,0.94,0.71,,D3,QNimbus,1,prediction
1609,IoT Security,IoT Security simulation and optimization using iot & sensor networks approaches,D12,0.92,0.83,,D20;D16,QNimbus,1,simulation
1610,Smart Devices,Smart Devices simulation and optimization using iot & sensor networks approaches,D12,0.85,0.89,,D20;D8,QNimbus,1,model
1611,Sensor Fusion,Multi-sensor fusion for recognition applications using iot & sensor networks approaches,D12,0.82,0.71,,D8;D20,QNimbus,1,analysis
1612,Edge Computing,Edge Computing simulation and optimization using iot & sensor networks approaches,D12,0.75,0.91,,D8,QNimbus,1,optimization
1613,Network Protocols,Network Protocols simulation and optimization using iot & sensor networks approaches,D12,0.89,0.78,,D16;D20,QNimbus,1,design
1614,IoT Security,IoT Security simulation and optimization using iot & sensor networks approaches,D12,0.94,0.72,,D8;D20,QNimbus,1,prediction
1615,Smart Devices,Smart Devices simulation and optimization using iot & sensor networks approaches,D12,0.9,0.81,,D16,QNimbus,1,simulation
1616,Sensor Fusion,Multi-sensor fusion for tracking applications using iot & sensor networks approaches,D12,0.92,0.87,,D8,QNimbus,1,model
1617,Edge Computing,Edge Computing simulation and optimization using iot & sensor networks approaches,D12,0.75,0.87,,D20;D3,QNimbus,1,analysis
1618,Network Protocols,Network Protocols simulation and optimization using iot & sensor networks approaches,D12,0.78,0.71,,D3,QNimbus,1,optimization
1619,IoT Security,IoT Security simulation and optimization using iot & sensor networks approaches,D12,0.79,0.79,,D8,QNimbus,1,design
1620,Smart Devices,Smart Devices simulation and optimization using iot & sensor networks approaches,D12,0.82,0.74,,D8,QNimbus,1,prediction
1621,Sensor Fusion,Multi-sensor fusion for localization applications using iot & sensor networks approaches,D12,0.82,0.83,,D8,QNimbus,1,simulation
1622,Edge Computing,Edge Computing simulation and optimization using iot & sensor networks approaches,D12,0.71,0.85,,D3,QNimbus,1,model
1623,Network Protocols,Network Protocols simulation and optimization using iot & sensor networks approaches,D12,0.94,0.82,,D20;D16,QNimbus,1,analysis
1624,IoT Security,IoT Security simulation and optimization using iot & sensor networks approaches,D12,0.88,0.79,,D16,QNimbus,1,optimization
1625,Smart Devices,Smart Devices simulation and optimization using iot & sensor networks approaches,D12,0.86,0.72,,D20;D16,QNimbus,1,design
1626,Sensor Fusion,Multi-sensor fusion for recognition applications using iot & sensor networks approaches,D12,0.79,0.7,,D8,QNimbus,1,prediction
1627,Edge Computing,Edge Computing simulation and optimization using iot & sensor networks approaches,D12,0.75,0.81,,D20;D16,QNimbus,1,simulation
1628,Network Protocols,Network Protocols simulation and optimization using iot & sensor networks approaches,D12,0.81,0.73,,D8;D16,QNimbus,1,model
1629,IoT Security,IoT Security simulation and optimization using iot & sensor networks approaches,D12,0.78,0.76,,D20;D16,QNimbus,1,analysis
1630,Smart Devices,Smart Devices simulation and optimization using iot & sensor networks approaches,D12,0.81,0.73,,D8;D20,QNimbus,1,optimization
1631,Sensor Fusion,Multi-sensor fusion for tracking applications using iot & sensor networks approaches,D12,0.76,0.9,,D16;D20,QNimbus,1,design
1632,Edge Computing,Edge Computing simulation and optimization using iot & sensor networks approaches,D12,0.78,0.93,,D16;D20,QNimbus,1,prediction
1633,Network Protocols,Network Protocols simulation and optimization using iot & sensor networks approaches,D12,0.88,0.8,,D8,QNimbus,1,simulation
1634,IoT Security,IoT Security simulation and optimization using iot & sensor networks approaches,D12,0.74,0.94,,D16,QNimbus,1,model
1635,Smart Devices,Smart Devices simulation and optimization using iot & sensor networks approaches,D12,0.9,0.86,,D3,QNimbus,1,analysis
1636,Sensor Fusion,Multi-sensor fusion for localization applications using iot & sensor networks approaches,D12,0.9,0.85,,D16;D20,QNimbus,1,optimization
1637,Edge Computing,Edge Computing simulation and optimization using iot & sensor networks approaches,D12,0.83,0.77,,D20,QNimbus,1,design
1638,Network Protocols,Network Protocols simulation and optimization using iot & sensor networks approaches,D12,0.94,0.82,,D16;D20,QNimbus,1,prediction
1639,IoT Security,IoT Security simulation and optimization using iot & sensor networks approaches,D12,0.77,0.77,,D3;D16,QNimbus,1,simulation
1640,Smart Devices,Smart Devices simulation and optimization using iot & sensor networks approaches,D12,0.85,0.83,,D20;D8,QNimbus,1,model
1641,Sensor Fusion,Multi-sensor fusion for recognition applications using iot & sensor networks approaches,D12,0.86,0.91,,D16,QNimbus,1,analysis
1642,Edge Computing,Edge Computing simulation and optimization using iot & sensor networks approaches,D12,0.9,0.77,,D8,QNimbus,1,optimization
1643,Network Protocols,Network Protocols simulation and optimization using iot & sensor networks approaches,D12,0.95,0.87,Edge computing;IoT protocols,D8,QNimbus,1,design
1644,IoT Security,IoT Security simulation and optimization using iot & sensor networks approaches,D12,0.83,0.9,,D16,QNimbus,1,prediction
1645,Smart Devices,Smart Devices simulation and optimization using iot & sensor networks approaches,D12,0.79,0.92,,D20,QNimbus,1,simulation
1646,Sensor Fusion,Multi-sensor fusion for tracking applications using iot & sensor networks approaches,D12,0.93,0.88,,D3;D8,QNimbus,1,model
1647,Edge Computing,Edge Computing simulation and optimization using iot & sensor networks approaches,D12,0.85,0.82,,D8;D20,QNimbus,1,analysis
1648,Network Protocols,Network Protocols simulation and optimization using iot & sensor networks approaches,D12,0.76,0.85,,D20;D3,QNimbus,1,optimization
1649,IoT Security,IoT Security simulation and optimization using iot & sensor networks approaches,D12,0.95,0.69,,D3,QNimbus,1,design
1650,Smart Devices,Smart Devices simulation and optimization using iot & sensor networks approaches,D12,0.82,0.92,,D16,QNimbus,1,prediction
1651,Sensor Fusion,Multi-sensor fusion for localization applications using iot & sensor networks approaches,D12,0.72,0.77,,D8;D16,QNimbus,2,simulation
1652,Edge Computing,Edge Computing simulation and optimization using iot & sensor networks approaches,D12,0.9,0.75,,D8,QNimbus,2,model
1653,Network Protocols,Network Protocols simulation and optimization using iot & sensor networks approaches,D12,0.85,0.85,,D20,QNimbus,2,analysis
1654,IoT Security,IoT Security simulation and optimization using iot & sensor networks approaches,D12,0.71,0.93,,D8,QNimbus,2,optimization
1655,Smart Devices,Smart Devices simulation and optimization using iot & sensor networks approaches,D12,0.74,0.71,,D20;D8,QNimbus,2,design
1656,Sensor Fusion,Multi-sensor fusion for recognition applications using iot & sensor networks approaches,D12,0.92,0.89,,D8,QNimbus,2,prediction
1657,Edge Computing,Edge Computing simulation and optimization using iot & sensor networks approaches,D12,0.78,0.81,,D20;D3,QNimbus,2,simulation
1658,Network Protocols,Network Protocols simulation and optimization using iot & sensor networks approaches,D12,0.74,0.91,,D20;D8,QNimbus,2,model
1659,IoT Security,IoT Security simulation and optimization using iot & sensor networks approaches,D12,0.79,0.79,,D16;D8,QNimbus,2,analysis
1660,Smart Devices,Smart Devices simulation and optimization using iot & sensor networks approaches,D12,0.93,0.88,,D3;D8,QNimbus,2,optimization
1661,Sensor Fusion,Multi-sensor fusion for tracking applications using iot & sensor networks approaches,D12,0.85,0.9,,D16,QNimbus,2,design
1662,Edge Computing,Edge Computing simulation and optimization using iot & sensor networks approaches,D12,0.86,0.69,,D20;D8,QNimbus,2,prediction
1663,Network Protocols,Network Protocols simulation and optimization using iot & sensor networks approaches,D12,0.86,0.92,,D3,QNimbus,2,simulation
1664,IoT Security,IoT Security simulation and optimization using iot & sensor networks approaches,D12,0.8,0.9,,D20,QNimbus,2,model
1665,Smart Devices,Smart Devices simulation and optimization using iot & sensor networks approaches,D12,0.88,0.93,,D3,QNimbus,2,analysis
1666,Sensor Fusion,Multi-sensor fusion for localization applications using iot & sensor networks approaches,D12,0.94,0.76,,D20,QNimbus,2,optimization
1667,Edge Computing,Edge Computing simulation and optimization using iot & sensor networks approaches,D12,0.86,0.79,,D16;D20,QNimbus,2,design
1668,Network Protocols,Network Protocols simulation and optimization using iot & sensor networks approaches,D12,0.91,0.85,,D16,QNimbus,2,prediction
1669,IoT Security,IoT Security simulation and optimization using iot & sensor networks approaches,D12,0.75,0.9,,D20,QNimbus,2,simulation
1670,Smart Devices,Smart Devices simulation and optimization using iot & sensor networks approaches,D12,0.73,0.89,,D8;D16,QNimbus,2,model
1671,Sensor Fusion,Multi-sensor fusion for recognition applications using iot & sensor networks approaches,D12,0.87,0.7,,D3;D16,QNimbus,2,analysis
1672,Edge Computing,Edge Computing simulation and optimization using iot & sensor networks approaches,D12,0.78,0.75,,D16,QNimbus,2,optimization
1673,Network Protocols,Network Protocols simulation and optimization using iot & sensor networks approaches,D12,0.75,0.91,,D3,QNimbus,2,design
1674,IoT Security,IoT Security simulation and optimization using iot & sensor networks approaches,D12,0.8,0.73,,D20,QNimbus,2,prediction
1675,Smart Devices,Smart Devices simulation and optimization using iot & sensor networks approaches,D12,0.87,0.86,,D16,QNimbus,2,simulation
1676,Sensor Fusion,Multi-sensor fusion for tracking applications using iot & sensor networks approaches,D12,0.93,0.73,,D8,QNimbus,2,model
1677,Edge Computing,Edge Computing simulation and optimization using iot & sensor networks approaches,D12,0.93,0.77,,D20;D3,QNimbus,2,analysis
1678,Network Protocols,Network Protocols simulation and optimization using iot & sensor networks approaches,D12,0.78,0.88,,D3,QNimbus,2,optimization
1679,IoT Security,IoT Security simulation and optimization using iot & sensor networks approaches,D12,0.72,0.85,,D3,QNimbus,2,design
1680,Smart Devices,Smart Devices simulation and optimization using iot & sensor networks approaches,D12,0.79,0.73,,D3;D8,QNimbus,2,prediction
1681,Sensor Fusion,Multi-sensor fusion for localization applications using iot & sensor networks approaches,D12,0.9,0.77,,D20,QNimbus,2,simulation
1682,Edge Computing,Edge Computing simulation and optimization using iot & sensor networks approaches,D12,0.93,0.7,,D16;D20,QNimbus,2,model
1683,Network Protocols,Network Protocols simulation and optimization using iot & sensor networks approaches,D12,0.84,0.8,,D8,QNimbus,2,analysis
1684,IoT Security,IoT Security simulation and optimization using iot & sensor networks approaches,D12,0.93,0.84,,D20,QNimbus,2,optimization
1685,Smart Devices,Smart Devices simulation and optimization using iot & sensor networks approaches,D12,0.76,0.86,,D16,QNimbus,2,design
1686,Sensor Fusion,Multi-sensor fusion for recognition applications using iot & sensor networks approaches,D12,0.75,0.73,,D3,QNimbus,2,prediction
1687,Edge Computing,Edge Computing simulation and optimization using iot & sensor networks approaches,D12,0.84,0.84,,D20;D16,QNimbus,2,simulation
1688,Network Protocols,Network Protocols simulation and optimization using iot & sensor networks approaches,D12,0.9,0.7,,D8,QNimbus,2,model
1689,IoT Security,IoT Security simulation and optimization using iot & sensor networks approaches,D12,0.91,0.88,,D3;D16,QNimbus,2,analysis
1690,Smart Devices,Smart Devices simulation and optimization using iot & sensor networks approaches,D12,0.95,0.88,,D3,QNimbus,2,optimization
1691,Sensor Fusion,Multi-sensor fusion for tracking applications using iot & sensor networks approaches,D12,0.82,0.69,,D8,QNimbus,2,design
1692,Edge Computing,Edge Computing simulation and optimization using iot & sensor networks approaches,D12,0.79,0.82,,D3,QNimbus,2,prediction
1693,Network Protocols,Network Protocols simulation and optimization using iot & sensor networks approaches,D12,0.84,0.87,,D16,QNimbus,2,simulation
1694,IoT Security,IoT Security simulation and optimization using iot & sensor networks approaches,D12,0.76,0.69,,D20;D16,QNimbus,2,model
1695,Smart Devices,Smart Devices simulation and optimization using iot & sensor networks approaches,D12,0.77,0.89,,D20,QNimbus,2,analysis
1696,Sensor Fusion,Multi-sensor fusion for localization applications using iot & sensor networks approaches,D12,0.81,0.88,,D3,QNimbus,2,optimization
1697,Edge Computing,Edge Computing simulation and optimization using iot & sensor networks approaches,D12,0.77,0.72,,D16;D20,QNimbus,2,design
1698,Network Protocols,Network Protocols simulation and optimization using iot & sensor networks approaches,D12,0.74,0.75,,D20;D16,QNimbus,2,prediction
1699,IoT Security,IoT Security simulation and optimization using iot & sensor networks approaches,D12,0.71,0.88,,D16,QNimbus,2,simulation
1700,Smart Devices,Smart Devices simulation and optimization using iot & sensor networks approaches,D12,0.89,0.82,,D8,QNimbus,2,model
1701,Sensor Fusion,Multi-sensor fusion for recognition applications using iot & sensor networks approaches,D12,0.82,0.86,,D20;D8,QNimbus,2,analysis
1702,Edge Computing,Edge Computing simulation and optimization using iot & sensor networks approaches,D12,0.91,0.76,,D16,QNimbus,2,optimization
1703,Network Protocols,Network Protocols simulation and optimization using iot & sensor networks approaches,D12,0.79,0.7,,D20,QNimbus,2,design
1704,IoT Security,IoT Security simulation and optimization using iot & sensor networks approaches,D12,0.94,0.79,,D3,QNimbus,2,prediction
1705,Smart Devices,Smart Devices simulation and optimization using iot & sensor networks approaches,D12,0.89,0.9,,D20;D8,QNimbus,2,simulation
1706,Sensor Fusion,Multi-sensor fusion for tracking applications using iot & sensor networks approaches,D12,0.81,0.73,,D20,QNimbus,2,model
1707,Edge Computing,Edge Computing simulation and optimization using iot & sensor networks approaches,D12,0.79,0.7,,D3,QNimbus,2,analysis
1708,Network Protocols,Network Protocols simulation and optimization using iot & sensor networks approaches,D12,0.95,0.86,,D8,QNimbus,2,optimization
1709,IoT Security,IoT Security simulation and optimization using iot & sensor networks approaches,D12,0.95,0.91,,D8;D16,QNimbus,2,design
1710,Smart Devices,Smart Devices simulation and optimization using iot & sensor networks approaches,D12,0.91,0.74,,D8,QNimbus,2,prediction
1711,Sensor Fusion,Multi-sensor fusion for localization applications using iot & sensor networks approaches,D12,0.8,0.71,,D20,QNimbus,2,simulation
1712,Edge Computing,Edge Computing simulation and optimization using iot & sensor networks approaches,D12,0.71,0.76,,D8,QNimbus,2,model
1713,Network Protocols,Network Protocols simulation and optimization using iot & sensor networks approaches,D12,0.86,0.79,,D20,QNimbus,2,analysis
1714,IoT Security,IoT Security simulation and optimization using iot & sensor networks approaches,D12,0.94,0.85,Edge computing;IoT protocols,D20;D16,QNimbus,2,optimization
1715,Smart Devices,Smart Devices simulation and optimization using iot & sensor networks approaches,D12,0.87,0.77,,D3,QNimbus,2,design
1716,Sensor Fusion,Multi-sensor fusion for recognition applications using iot & sensor networks approaches,D12,0.93,0.8,,D8,QNimbus,2,prediction
1717,Edge Computing,Edge Computing simulation and optimization using iot & sensor networks approaches,D12,0.77,0.87,,D3;D8,QNimbus,2,simulation
1718,Network Protocols,Network Protocols simulation and optimization using iot & sensor networks approaches,D12,0.93,0.72,,D20,QNimbus,2,model
1719,IoT Security,IoT Security simulation and optimization using iot & sensor networks approaches,D12,0.77,0.72,,D20;D3,QNimbus,2,analysis
1720,Smart Devices,Smart Devices simulation and optimization using iot & sensor networks approaches,D12,0.71,0.86,,D20;D8,QNimbus,2,optimization
1721,Sensor Fusion,Multi-sensor fusion for tracking applications using iot & sensor networks approaches,D12,0.93,0.89,,D20,QNimbus,2,design
1722,Edge Computing,Edge Computing simulation and optimization using iot & sensor networks approaches,D12,0.76,0.69,,D20,QNimbus,2,prediction
1723,Network Protocols,Network Protocols simulation and optimization using iot & sensor networks approaches,D12,0.89,0.84,,D8,QNimbus,2,simulation
1724,IoT Security,IoT Security simulation and optimization using iot & sensor networks approaches,D12,0.7,0.82,,D3,QNimbus,2,model
1725,Smart Devices,Smart Devices simulation and optimization using iot & sensor networks approaches,D12,0.91,0.69,,D8,QNimbus,2,analysis
1726,Sensor Fusion,Multi-sensor fusion for localization applications using iot & sensor networks approaches,D12,0.83,0.76,,D8,QNimbus,2,optimization
1727,Edge Computing,Edge Computing simulation and optimization using iot & sensor networks approaches,D12,0.85,0.72,,D20,QNimbus,2,design
1728,Network Protocols,Network Protocols simulation and optimization using iot & sensor networks approaches,D12,0.89,0.77,,D20;D8,QNimbus,2,prediction
1729,IoT Security,IoT Security simulation and optimization using iot & sensor networks approaches,D12,0.92,0.9,,D3,QNimbus,2,simulation
1730,Smart Devices,Smart Devices simulation and optimization using iot & sensor networks approaches,D12,0.86,0.87,,D8,QNimbus,2,model
1731,Sensor Fusion,Multi-sensor fusion for recognition applications using iot & sensor networks approaches,D12,0.79,0.83,,D8,QNimbus,2,analysis
1732,Edge Computing,Edge Computing simulation and optimization using iot & sensor networks approaches,D12,0.81,0.69,,D8,QNimbus,2,optimization
1733,Network Protocols,Network Protocols simulation and optimization using iot & sensor networks approaches,D12,0.72,0.75,,D8,QNimbus,2,design
1734,IoT Security,IoT Security simulation and optimization using iot & sensor networks approaches,D12,0.92,0.72,,D3;D16,QNimbus,2,prediction
1735,Smart Devices,Smart Devices simulation and optimization using iot & sensor networks approaches,D12,0.92,0.94,,D16,QNimbus,2,simulation
1736,Sensor Fusion,Multi-sensor fusion for tracking applications using iot & sensor networks approaches,D12,0.86,0.93,,D16,QNimbus,2,model
1737,Edge Computing,Edge Computing simulation and optimization using iot & sensor networks approaches,D12,0.94,0.86,,D16,QNimbus,2,analysis
1738,Network Protocols,Network Protocols simulation and optimization using iot & sensor networks approaches,D12,0.86,0.81,,D20;D3,QNimbus,2,optimization
1739,IoT Security,IoT Security simulation and optimization using iot & sensor networks approaches,D12,0.89,0.91,,D16;D20,QNimbus,2,design
1740,Smart Devices,Smart Devices simulation and optimization using iot & sensor networks approaches,D12,0.93,0.74,,D20,QNimbus,2,prediction
1741,Sensor Fusion,Multi-sensor fusion for localization applications using iot & sensor networks approaches,D12,0.75,0.82,,D3,QNimbus,2,simulation
1742,Edge Computing,Edge Computing simulation and optimization using iot & sensor networks approaches,D12,0.71,0.81,,D8,QNimbus,2,model
1743,Network Protocols,Network Protocols simulation and optimization using iot & sensor networks approaches,D12,0.89,0.71,,D16,QNimbus,2,analysis
1744,IoT Security,IoT Security simulation and optimization using iot & sensor networks approaches,D12,0.81,0.8,,D16;D8,QNimbus,2,optimization
1745,Smart Devices,Smart Devices simulation and optimization using iot & sensor networks approaches,D12,0.73,0.8,,D16;D8,QNimbus,2,design
1746,Sensor Fusion,Multi-sensor fusion for recognition applications using iot & sensor networks approaches,D12,0.79,0.84,,D8;D20,QNimbus,2,prediction
1747,Edge Computing,Edge Computing simulation and optimization using iot & sensor networks approaches,D12,0.9,0.9,,D16,QNimbus,2,simulation
1748,Network Protocols,Network Protocols simulation and optimization using iot & sensor networks approaches,D12,0.72,0.83,,D8;D20,QNimbus,2,model
1749,IoT Security,IoT Security simulation and optimization using iot & sensor networks approaches,D12,0.7,0.78,,D20;D8,QNimbus,2,analysis
1750,Smart Devices,Smart Devices simulation and optimization using iot & sensor networks approaches,D12,0.74,0.81,,D16,QNimbus,2,optimization
1751,Sensor Fusion,Multi-sensor fusion for tracking applications using iot & sensor networks approaches,D12,0.82,0.91,,D8,QNimbus,2,design
1752,Edge Computing,Edge Computing simulation and optimization using iot & sensor networks approaches,D12,0.78,0.82,,D16,QNimbus,2,prediction
1753,Network Protocols,Network Protocols simulation and optimization using iot & sensor networks approaches,D12,0.94,0.88,,D16;D8,QNimbus,2,simulation
1754,IoT Security,IoT Security simulation and optimization using iot & sensor networks approaches,D12,0.79,0.87,,D8;D16,QNimbus,2,model
1755,Smart Devices,Smart Devices simulation and optimization using iot & sensor networks approaches,D12,0.89,0.86,,D8,QNimbus,2,analysis
1756,Sensor Fusion,Multi-sensor fusion for localization applications using iot & sensor networks approaches,D12,0.72,0.8,,D3,QNimbus,2,optimization
1757,Edge Computing,Edge Computing simulation and optimization using iot & sensor networks approaches,D12,0.71,0.71,,D20,QNimbus,2,design
1758,Network Protocols,Network Protocols simulation and optimization using iot & sensor networks approaches,D12,0.92,0.78,,D8,QNimbus,2,prediction
1759,IoT Security,IoT Security simulation and optimization using iot & sensor networks approaches,D12,0.93,0.88,,D3;D8,QNimbus,2,simulation
1760,Smart Devices,Smart Devices simulation and optimization using iot & sensor networks approaches,D12,0.81,0.77,,D8,QNimbus,2,model
1761,Sensor Fusion,Multi-sensor fusion for recognition applications using iot & sensor networks approaches,D12,0.72,0.86,,D3,QNimbus,2,analysis
1762,Edge Computing,Edge Computing simulation and optimization using iot & sensor networks approaches,D12,0.8,0.8,,D3,QNimbus,2,optimization
1763,Network Protocols,Network Protocols simulation and optimization using iot & sensor networks approaches,D12,0.9,0.93,,D20;D16,QNimbus,2,design
1764,IoT Security,IoT Security simulation and optimization using iot & sensor networks approaches,D12,0.94,0.91,,D16;D3,QNimbus,2,prediction
1765,Smart Devices,Smart Devices simulation and optimization using iot & sensor networks approaches,D12,0.8,0.83,,D3;D16,QNimbus,2,simulation
1766,Sensor Fusion,Multi-sensor fusion for tracking applications using iot & sensor networks approaches,D12,0.83,0.77,,D20;D8,QNimbus,2,model
1767,Edge Computing,Edge Computing simulation and optimization using iot & sensor networks approaches,D12,0.71,0.73,,D16,QNimbus,2,analysis
1768,Network Protocols,Network Protocols simulation and optimization using iot & sensor networks approaches,D12,0.95,0.77,,D20;D3,QNimbus,2,optimization
1769,IoT Security,IoT Security simulation and optimization using iot & sensor networks approaches,D12,0.86,0.91,,D20,QNimbus,2,design
1770,Smart Devices,Smart Devices simulation and optimization using iot & sensor networks approaches,D12,0.88,0.72,,D16,QNimbus,2,prediction
1771,Sensor Fusion,Multi-sensor fusion for localization applications using iot & sensor networks approaches,D12,0.76,0.79,,D20;D3,QNimbus,2,simulation
1772,Edge Computing,Edge Computing simulation and optimization using iot & sensor networks approaches,D12,0.8,0.81,,D16,QNimbus,2,model
1773,Network Protocols,Network Protocols simulation and optimization using iot & sensor networks approaches,D12,0.8,0.76,,D20;D16,QNimbus,2,analysis
1774,IoT Security,IoT Security simulation and optimization using iot & sensor networks approaches,D12,0.77,0.88,,D3;D8,QNimbus,2,optimization
1775,Smart Devices,Smart Devices simulation and optimization using iot & sensor networks approaches,D12,0.83,0.79,,D3;D16,QNimbus,2,design
1776,Sensor Fusion,Multi-sensor fusion for recognition applications using iot & sensor networks approaches,D12,0.93,0.69,,D8;D3,QNimbus,2,prediction
1777,Edge Computing,Edge Computing simulation and optimization using iot & sensor networks approaches,D12,0.86,0.82,,D16,QNimbus,2,simulation
1778,Network Protocols,Network Protocols simulation and optimization using iot & sensor networks approaches,D12,0.93,0.92,,D3,QNimbus,2,model
1779,IoT Security,IoT Security simulation and optimization using iot & sensor networks approaches,D12,0.93,0.76,,D20,QNimbus,2,analysis
1780,Smart Devices,Smart Devices simulation and optimization using iot & sensor networks approaches,D12,0.86,0.8,,D3,QNimbus,2,optimization
1781,Sensor Fusion,Multi-sensor fusion for tracking applications using iot & sensor networks approaches,D12,0.91,0.75,,D20;D16,QNimbus,2,design
1782,Edge Computing,Edge Computing simulation and optimization using iot & sensor networks approaches,D12,0.87,0.83,,D8;D16,QNimbus,2,prediction
1783,Network Protocols,Network Protocols simulation and optimization using iot & sensor networks approaches,D12,0.78,0.89,,D16;D3,QNimbus,2,simulation
1784,IoT Security,IoT Security simulation and optimization using iot & sensor networks approaches,D12,0.72,0.74,,D3,QNimbus,2,model
1785,Smart Devices,Smart Devices simulation and optimization using iot & sensor networks approaches,D12,0.96,0.89,Edge computing;IoT protocols,D3,QNimbus,2,analysis
1786,Sensor Fusion,Multi-sensor fusion for localization applications using iot & sensor networks approaches,D12,0.89,0.91,,D16,QNimbus,2,optimization
1787,Edge Computing,Edge Computing simulation and optimization using iot & sensor networks approaches,D12,0.78,0.73,,D3,QNimbus,2,design
1788,Network Protocols,Network Protocols simulation and optimization using iot & sensor networks approaches,D12,0.82,0.8,,D16,QNimbus,2,prediction
1789,IoT Security,IoT Security simulation and optimization using iot & sensor networks approaches,D12,0.83,0.86,,D8,QNimbus,2,simulation
1790,Smart Devices,Smart Devices simulation and optimization using iot & sensor networks approaches,D12,0.79,0.88,,D16,QNimbus,2,model
1791,Sensor Fusion,Multi-sensor fusion for recognition applications using iot & sensor networks approaches,D12,0.93,0.89,,D3,QNimbus,2,analysis
1792,Edge Computing,Edge Computing simulation and optimization using iot & sensor networks approaches,D12,0.87,0.93,,D20;D3,QNimbus,2,optimization
1793,Network Protocols,Network Protocols simulation and optimization using iot & sensor networks approaches,D12,0.73,0.82,,D20,QNimbus,2,design
1794,IoT Security,IoT Security simulation and optimization using iot & sensor networks approaches,D12,0.76,0.69,,D16;D20,QNimbus,2,prediction
1795,Smart Devices,Smart Devices simulation and optimization using iot & sensor networks approaches,D12,0.75,0.78,,D3,QNimbus,2,simulation
1796,Sensor Fusion,Multi-sensor fusion for tracking applications using iot & sensor networks approaches,D12,0.74,0.79,,D20,QNimbus,2,model
1797,Edge Computing,Edge Computing simulation and optimization using iot & sensor networks approaches,D12,0.7,0.89,,D3,QNimbus,2,analysis
1798,Network Protocols,Network Protocols simulation and optimization using iot & sensor networks approaches,D12,0.91,0.91,,D20;D3,QNimbus,2,optimization
1799,IoT Security,IoT Security simulation and optimization using iot & sensor networks approaches,D12,0.88,0.74,,D16,QNimbus,2,design
1800,Smart Devices,Smart Devices simulation and optimization using iot & sensor networks approaches,D12,0.7,0.84,,D20,QNimbus,2,prediction
1801,Sensor Fusion,Multi-sensor fusion for localization applications using iot & sensor networks approaches,D12,0.86,0.74,,D20,QNimbus,3,simulation
1802,Edge Computing,Edge Computing simulation and optimization using iot & sensor networks approaches,D12,0.94,0.84,,D8,QNimbus,3,model
1803,Network Protocols,Network Protocols simulation and optimization using iot & sensor networks approaches,D12,0.83,0.83,,D20;D3,QNimbus,3,analysis
1804,IoT Security,IoT Security simulation and optimization using iot & sensor networks approaches,D12,0.88,0.87,,D3;D8,QNimbus,3,optimization
1805,Smart Devices,Smart Devices simulation and optimization using iot & sensor networks approaches,D12,0.75,0.75,,D20;D8,QNimbus,3,design
1806,Sensor Fusion,Multi-sensor fusion for recognition applications using iot & sensor networks approaches,D12,0.87,0.69,,D3,QNimbus,3,prediction
1807,Edge Computing,Edge Computing simulation and optimization using iot & sensor networks approaches,D12,0.79,0.76,,D16,QNimbus,3,simulation
1808,Network Protocols,Network Protocols simulation and optimization using iot & sensor networks approaches,D12,0.87,0.77,,D3,QNimbus,3,model
1809,IoT Security,IoT Security simulation and optimization using iot & sensor networks approaches,D12,0.85,0.83,,D20,QNimbus,3,analysis
1810,Smart Devices,Smart Devices simulation and optimization using iot & sensor networks approaches,D12,0.89,0.82,,D3,QNimbus,3,optimization
1811,Sensor Fusion,Multi-sensor fusion for tracking applications using iot & sensor networks approaches,D12,0.86,0.74,,D20,QNimbus,3,design
1812,Edge Computing,Edge Computing simulation and optimization using iot & sensor networks approaches,D12,0.84,0.83,,D3,QNimbus,3,prediction
1813,Network Protocols,Network Protocols simulation and optimization using iot & sensor networks approaches,D12,0.83,0.79,,D20;D8,QNimbus,3,simulation
1814,IoT Security,IoT Security simulation and optimization using iot & sensor networks approaches,D12,0.85,0.73,,D8,QNimbus,3,model
1815,Smart Devices,Smart Devices simulation and optimization using iot & sensor networks approaches,D12,0.9,0.77,,D20;D16,QNimbus,3,analysis
1816,Sensor Fusion,Multi-sensor fusion for localization applications using iot & sensor networks approaches,D12,0.75,0.88,,D8,QNimbus,3,optimization
1817,Edge Computing,Edge Computing simulation and optimization using iot & sensor networks approaches,D12,0.88,0.85,,D20,QNimbus,3,design
1818,Network Protocols,Network Protocols simulation and optimization using iot & sensor networks approaches,D12,0.92,0.9,,D8;D3,QNimbus,3,prediction
1819,IoT Security,IoT Security simulation and optimization using iot & sensor networks approaches,D12,0.9,0.86,,D8;D16,QNimbus,3,simulation
1820,Smart Devices,Smart Devices simulation and optimization using iot & sensor networks approaches,D12,0.91,0.7,,D8;D3,QNimbus,3,model
1821,Sensor Fusion,Multi-sensor fusion for recognition applications using iot & sensor networks approaches,D12,0.8,0.89,,D16;D3,QNimbus,3,analysis
1822,Edge Computing,Edge Computing simulation and optimization using iot & sensor networks approaches,D12,0.73,0.86,,D8;D20,QNimbus,3,optimization
1823,Network Protocols,Network Protocols simulation and optimization using iot & sensor networks approaches,D12,0.92,0.72,,D8;D3,QNimbus,3,design
1824,IoT Security,IoT Security simulation and optimization using iot & sensor networks approaches,D12,0.86,0.9,,D3;D16,QNimbus,3,prediction
1825,Smart Devices,Smart Devices simulation and optimization using iot & sensor networks approaches,D12,0.89,0.91,,D8,QNimbus,3,simulation
1826,Sensor Fusion,Multi-sensor fusion for tracking applications using iot & sensor networks approaches,D12,0.78,0.9,,D16,QNimbus,3,model
1827,Edge Computing,Edge Computing simulation and optimization using iot & sensor networks approaches,D12,0.94,0.75,,D16;D3,QNimbus,3,analysis
1828,Network Protocols,Network Protocols simulation and optimization using iot & sensor networks approaches,D12,0.76,0.7,,D20;D16,QNimbus,3,optimization
1829,IoT Security,IoT Security simulation and optimization using iot & sensor networks approaches,D12,0.74,0.93,,D8,QNimbus,3,design
1830,Smart Devices,Smart Devices simulation and optimization using iot & sensor networks approaches,D12,0.74,0.86,,D8;D3,QNimbus,3,prediction
1831,Sensor Fusion,Multi-sensor fusion for localization applications using iot & sensor networks approaches,D12,0.72,0.94,,D20;D8,QNimbus,3,simulation
1832,Edge Computing,Edge Computing simulation and optimization using iot & sensor networks approaches,D12,0.73,0.81,,D16,QNimbus,3,model
1833,Network Protocols,Network Protocols simulation and optimization using iot & sensor networks approaches,D12,0.85,0.9,,D20,QNimbus,3,analysis
1834,IoT Security,IoT Security simulation and optimization using iot & sensor networks approaches,D12,0.72,0.85,,D3;D16,QNimbus,3,optimization
1835,Smart Devices,Smart Devices simulation and optimization using iot & sensor networks approaches,D12,0.77,0.83,,D3;D20,QNimbus,3,design
1836,Sensor Fusion,Multi-sensor fusion for recognition applications using iot & sensor networks approaches,D12,0.91,0.71,,D20,QNimbus,3,prediction
1837,Edge Computing,Edge Computing simulation and optimization using iot & sensor networks approaches,D12,0.82,0.74,,D8,QNimbus,3,simulation
1838,Network Protocols,Network Protocols simulation and optimization using iot & sensor networks approaches,D12,0.74,0.77,,D16;D3,QNimbus,3,model
1839,IoT Security,IoT Security simulation and optimization using iot & sensor networks approaches,D12,0.89,0.74,,D16,QNimbus,3,analysis
1840,Smart Devices,Smart Devices simulation and optimization using iot & sensor networks approaches,D12,0.84,0.76,,D8,QNimbus,3,optimization
1841,Sensor Fusion,Multi-sensor fusion for tracking applications using iot & sensor networks approaches,D12,0.82,0.87,,D8;D16,QNimbus,3,design
1842,Edge Computing,Edge Computing simulation and optimization using iot & sensor networks approaches,D12,0.83,0.92,,D16,QNimbus,3,prediction
1843,Network Protocols,Network Protocols simulation and optimization using iot & sensor networks approaches,D12,0.89,0.73,,D8;D16,QNimbus,3,simulation
1844,IoT Security,IoT Security simulation and optimization using iot & sensor networks approaches,D12,0.83,0.92,,D20,QNimbus,3,model
1845,Smart Devices,Smart Devices simulation and optimization using iot & sensor networks approaches,D12,0.8,0.86,,D16;D20,QNimbus,3,analysis
1846,Sensor Fusion,Multi-sensor fusion for localization applications using iot & sensor networks approaches,D12,0.9,0.68,,D20,QNimbus,3,optimization
1847,Edge Computing,Edge Computing simulation and optimization using iot & sensor networks approaches,D12,0.72,0.82,,D20,QNimbus,3,design
1848,Network Protocols,Network Protocols simulation and optimization using iot & sensor networks approaches,D12,0.94,0.71,,D16;D20,QNimbus,3,prediction
1849,IoT Security,IoT Security simulation and optimization using iot & sensor networks approaches,D12,0.84,0.9,,D20,QNimbus,3,simulation
1850,Smart Devices,Smart Devices simulation and optimization using iot & sensor networks approaches,D12,0.72,0.93,,D16;D8,QNimbus,3,model
1851,Sensor Fusion,Multi-sensor fusion for recognition applications using iot & sensor networks approaches,D12,0.92,0.92,,D20;D3,QNimbus,3,analysis
1852,Edge Computing,Edge Computing simulation and optimization using iot & sensor networks approaches,D12,0.83,0.72,,D8,QNimbus,3,optimization
1853,Network Protocols,Network Protocols simulation and optimization using iot & sensor networks approaches,D12,0.85,0.75,,D20,QNimbus,3,design
1854,IoT Security,IoT Security simulation and optimization using iot & sensor networks approaches,D12,0.71,0.78,,D16,QNimbus,3,prediction
1855,Smart Devices,Smart Devices simulation and optimization using iot & sensor networks approaches,D12,0.77,0.79,,D8,QNimbus,3,simulation
1856,Sensor Fusion,Multi-sensor fusion for tracking applications using iot & sensor networks approaches,D12,0.92,0.9,Edge computing;IoT protocols,D3;D8,QNimbus,3,model
1857,Edge Computing,Edge Computing simulation and optimization using iot & sensor networks approaches,D12,0.75,0.76,,D8,QNimbus,3,analysis
1858,Network Protocols,Network Protocols simulation and optimization using iot & sensor networks approaches,D12,0.84,0.69,,D20,QNimbus,3,optimization
1859,IoT Security,IoT Security simulation and optimization using iot & sensor networks approaches,D12,0.71,0.93,,D8,QNimbus,3,design
1860,Smart Devices,Smart Devices simulation and optimization using iot & sensor networks approaches,D12,0.72,0.82,,D8;D3,QNimbus,3,prediction
1861,Sensor Fusion,Multi-sensor fusion for localization applications using iot & sensor networks approaches,D12,0.79,0.73,,D16,QNimbus,3,simulation
1862,Edge Computing,Edge Computing simulation and optimization using iot & sensor networks approaches,D12,0.81,0.89,,D3;D8,QNimbus,3,model
1863,Network Protocols,Network Protocols simulation and optimization using iot & sensor networks approaches,D12,0.87,0.8,,D8,QNimbus,3,analysis
1864,IoT Security,IoT Security simulation and optimization using iot & sensor networks approaches,D12,0.88,0.71,,D20,QNimbus,3,optimization
1865,Smart Devices,Smart Devices simulation and optimization using iot & sensor networks approaches,D12,0.86,0.82,,D3;D16,QNimbus,3,design
1866,Sensor Fusion,Multi-sensor fusion for recognition applications using iot & sensor networks approaches,D12,0.72,0.89,,D20;D16,QNimbus,3,prediction
1867,Edge Computing,Edge Computing simulation and optimization using iot & sensor networks approaches,D12,0.8,0.72,,D3,QNimbus,3,simulation
1868,Network Protocols,Network Protocols simulation and optimization using iot & sensor networks approaches,D12,0.8,0.74,,D20;D3,QNimbus,3,model
1869,IoT Security,IoT Security simulation and optimization using iot & sensor networks approaches,D12,0.94,0.77,,D3,QNimbus,3,analysis
1870,Smart Devices,Smart Devices simulation and optimization using iot & sensor networks approaches,D12,0.8,0.77,,D16,QNimbus,3,optimization
1871,Sensor Fusion,Multi-sensor fusion for tracking applications using iot & sensor networks approaches,D12,0.81,0.82,,D3;D16,QNimbus,3,design
1872,Edge Computing,Edge Computing simulation and optimization using iot & sensor networks approaches,D12,0.91,0.81,,D20,QNimbus,3,prediction
1873,Network Protocols,Network Protocols simulation and optimization using iot & sensor networks approaches,D12,0.83,0.89,,D8,QNimbus,3,simulation
1874,IoT Security,IoT Security simulation and optimization using iot & sensor networks approaches,D12,0.79,0.7,,D8;D16,QNimbus,3,model
1875,Smart Devices,Smart Devices simulation and optimization using iot & sensor networks approaches,D12,0.88,0.84,,D20;D8,QNimbus,3,analysis
1876,Sensor Fusion,Multi-sensor fusion for localization applications using iot & sensor networks approaches,D12,0.84,0.93,,D16,QNimbus,3,optimization
1877,Edge Computing,Edge Computing simulation and optimization using iot & sensor networks approaches,D12,0.72,0.81,,D16;D20,QNimbus,3,design
1878,Network Protocols,Network Protocols simulation and optimization using iot & sensor networks approaches,D12,0.83,0.74,,D16;D3,QNimbus,3,prediction
1879,IoT Security,IoT Security simulation and optimization using iot & sensor networks approaches,D12,0.77,0.82,,D8;D20,QNimbus,3,simulation
1880,Smart Devices,Smart Devices simulation and optimization using iot & sensor networks approaches,D12,0.91,0.84,,D16;D3,QNimbus,3,model
1881,Sensor Fusion,Multi-sensor fusion for recognition applications using iot & sensor networks approaches,D12,0.84,0.8,,D16,QNimbus,3,analysis
1882,Edge Computing,Edge Computing simulation and optimization using iot & sensor networks approaches,D12,0.86,0.71,,D8;D16,QNimbus,3,optimization
1883,Network Protocols,Network Protocols simulation and optimization using iot & sensor networks approaches,D12,0.91,0.69,,D20,QNimbus,3,design
1884,IoT Security,IoT Security simulation and optimization using iot & sensor networks approaches,D12,0.91,0.69,,D8;D16,QNimbus,3,prediction
1885,Smart Devices,Smart Devices simulation and optimization using iot & sensor networks approaches,D12,0.71,0.7,,D20,QNimbus,3,simulation
1886,Sensor Fusion,Multi-sensor fusion for tracking applications using iot & sensor networks approaches,D12,0.88,0.8,,D20;D16,QNimbus,3,model
1887,Edge Computing,Edge Computing simulation and optimization using iot & sensor networks approaches,D12,0.82,0.91,,D20,QNimbus,3,analysis
1888,Network Protocols,Network Protocols simulation and optimization using iot & sensor networks approaches,D12,0.74,0.69,,D3;D20,QNimbus,3,optimization
1889,IoT Security,IoT Security simulation and optimization using iot & sensor networks approaches,D12,0.89,0.93,,D8,QNimbus,3,design
1890,Smart Devices,Smart Devices simulation and optimization using iot & sensor networks approaches,D12,0.73,0.88,,D3;D16,QNimbus,3,prediction
1891,Sensor Fusion,Multi-sensor fusion for localization applications using iot & sensor networks approaches,D12,0.74,0.74,,D20,QNimbus,3,simulation
1892,Edge Computing,Edge Computing simulation and optimization using iot & sensor networks approaches,D12,0.71,0.82,,D3,QNimbus,3,model
1893,Network Protocols,Network Protocols simulation and optimization using iot & sensor networks approaches,D12,0.91,0.71,,D20;D3,QNimbus,3,analysis
1894,IoT Security,IoT Security simulation and optimization using iot & sensor networks approaches,D12,0.74,0.78,,D20;D3,QNimbus,3,optimization
1895,Smart Devices,Smart Devices simulation and optimization using iot & sensor networks approaches,D12,0.84,0.86,,D16,QNimbus,3,design
1896,Sensor Fusion,Multi-sensor fusion for recognition applications using iot & sensor networks approaches,D12,0.9,0.81,,D3;D20,QNimbus,3,prediction
1897,Edge Computing,Edge Computing simulation and optimization using iot & sensor networks approaches,D12,0.75,0.86,,D16;D3,QNimbus,3,simulation
1898,Network Protocols,Network Protocols simulation and optimization using iot & sensor networks approaches,D12,0.92,0.91,,D3;D20,QNimbus,3,model
1899,IoT Security,IoT Security simulation and optimization using iot & sensor networks approaches,D12,0.74,0.85,,D16,QNimbus,3,analysis
1900,Smart Devices,Smart Devices simulation and optimization using iot & sensor networks approaches,D12,0.74,0.84,,D20,QNimbus,3,optimization
1901,Sensor Fusion,Multi-sensor fusion for tracking applications using iot & sensor networks approaches,D12,0.94,0.75,,D8,QNimbus,3,design
1902,Edge Computing,Edge Computing simulation and optimization using iot & sensor networks approaches,D12,0.71,0.93,,D16,QNimbus,3,prediction
1903,Network Protocols,Network Protocols simulation and optimization using iot & sensor networks approaches,D12,0.74,0.75,,D16,QNimbus,3,simulation
1904,IoT Security,IoT Security simulation and optimization using iot & sensor networks approaches,D12,0.93,0.81,,D16,QNimbus,3,model
1905,Smart Devices,Smart Devices simulation and optimization using iot & sensor networks approaches,D12,0.88,0.73,,D16;D8,QNimbus,3,analysis
1906,Sensor Fusion,Multi-sensor fusion for localization applications using iot & sensor networks approaches,D12,0.93,0.87,,D20;D8,QNimbus,3,optimization
1907,Edge Computing,Edge Computing simulation and optimization using iot & sensor networks approaches,D12,0.74,0.72,,D8,QNimbus,3,design
1908,Network Protocols,Network Protocols simulation and optimization using iot & sensor networks approaches,D12,0.83,0.91,,D20;D8,QNimbus,3,prediction
1909,IoT Security,IoT Security simulation and optimization using iot & sensor networks approaches,D12,0.75,0.68,,D3;D20,QNimbus,3,simulation
1910,Smart Devices,Smart Devices simulation and optimization using iot & sensor networks approaches,D12,0.74,0.89,,D3;D20,QNimbus,3,model
1911,Sensor Fusion,Multi-sensor fusion for recognition applications using iot & sensor networks approaches,D12,0.73,0.9,,D8,QNimbus,3,analysis
1912,Edge Computing,Edge Computing simulation and optimization using iot & sensor networks approaches,D12,0.85,0.93,,D3;D20,QNimbus,3,optimization
1913,Network Protocols,Network Protocols simulation and optimization using iot & sensor networks approaches,D12,0.75,0.76,,D20,QNimbus,3,design
1914,IoT Security,IoT Security simulation and optimization using iot & sensor networks approaches,D12,0.77,0.94,,D20;D8,QNimbus,3,prediction
1915,Smart Devices,Smart Devices simulation and optimization using iot & sensor networks approaches,D12,0.77,0.78,,D20,QNimbus,3,simulation
1916,Sensor Fusion,Multi-sensor fusion for tracking applications using iot & sensor networks approaches,D12,0.94,0.92,,D16;D3,QNimbus,3,model
1917,Edge Computing,Edge Computing simulation and optimization using iot & sensor networks approaches,D12,0.89,0.87,,D20;D16,QNimbus,3,analysis
1918,Network Protocols,Network Protocols simulation and optimization using iot & sensor networks approaches,D12,0.78,0.91,,D20,QNimbus,3,optimization
1919,IoT Security,IoT Security simulation and optimization using iot & sensor networks approaches,D12,0.93,0.87,,D16,QNimbus,3,design
1920,Smart Devices,Smart Devices simulation and optimization using iot & sensor networks approaches,D12,0.88,0.77,,D3,QNimbus,3,prediction
1921,Sensor Fusion,Multi-sensor fusion for localization applications using iot & sensor networks approaches,D12,0.92,0.71,,D20;D8,QNimbus,3,simulation
1922,Edge Computing,Edge Computing simulation and optimization using iot & sensor networks approaches,D12,0.71,0.77,,D16,QNimbus,3,model
1923,Network Protocols,Network Protocols simulation and optimization using iot & sensor networks approaches,D12,0.82,0.77,,D3,QNimbus,3,analysis
1924,IoT Security,IoT Security simulation and optimization using iot & sensor networks approaches,D12,0.93,0.84,,D16;D3,QNimbus,3,optimization
1925,Smart Devices,Smart Devices simulation and optimization using iot & sensor networks approaches,D12,0.91,0.92,,D8,QNimbus,3,design
1926,Sensor Fusion,Multi-sensor fusion for recognition applications using iot & sensor networks approaches,D12,0.79,0.75,,D8;D16,QNimbus,4,prediction
1927,Edge Computing,Edge Computing simulation and optimization using iot & sensor networks approaches,D12,0.97,0.9,Edge computing;IoT protocols,D20,QNimbus,4,simulation
1928,Network Protocols,Network Protocols simulation and optimization using iot & sensor networks approaches,D12,0.86,0.8,,D3;D16,QNimbus,4,model
1929,IoT Security,IoT Security simulation and optimization using iot & sensor networks approaches,D12,0.75,0.73,,D3,QNimbus,4,analysis
1930,Smart Devices,Smart Devices simulation and optimization using iot & sensor networks approaches,D12,0.93,0.69,,D8,QNimbus,4,optimization
1931,Sensor Fusion,Multi-sensor fusion for tracking applications using iot & sensor networks approaches,D12,0.8,0.77,,D16,QNimbus,4,design
1932,Edge Computing,Edge Computing simulation and optimization using iot & sensor networks approaches,D12,0.74,0.69,,D3,QNimbus,4,prediction
1933,Network Protocols,Network Protocols simulation and optimization using iot & sensor networks approaches,D12,0.82,0.89,,D8,QNimbus,4,simulation
1934,IoT Security,IoT Security simulation and optimization using iot & sensor networks approaches,D12,0.81,0.88,,D16;D3,QNimbus,4,model
1935,Smart Devices,Smart Devices simulation and optimization using iot & sensor networks approaches,D12,0.89,0.8,,D16;D3,QNimbus,4,analysis
1936,Sensor Fusion,Multi-sensor fusion for localization applications using iot & sensor networks approaches,D12,0.91,0.79,,D16;D8,QNimbus,4,optimization
1937,Edge Computing,Edge Computing simulation and optimization using iot & sensor networks approaches,D12,0.79,0.82,,D20,QNimbus,4,design
1938,Network Protocols,Network Protocols simulation and optimization using iot & sensor networks approaches,D12,0.89,0.83,,D8,QNimbus,4,prediction
1939,IoT Security,IoT Security simulation and optimization using iot & sensor networks approaches,D12,0.88,0.82,,D8,QNimbus,4,simulation
1940,Smart Devices,Smart Devices simulation and optimization using iot & sensor networks approaches,D12,0.91,0.92,,D20,QNimbus,4,model
1941,Sensor Fusion,Multi-sensor fusion for recognition applications using iot & sensor networks approaches,D12,0.75,0.86,,D3;D16,QNimbus,4,analysis
1942,Edge Computing,Edge Computing simulation and optimization using iot & sensor networks approaches,D12,0.76,0.91,,D20;D16,QNimbus,4,optimization
1943,Network Protocols,Network Protocols simulation and optimization using iot & sensor networks approaches,D12,0.92,0.81,,D3,QNimbus,4,design
1944,IoT Security,IoT Security simulation and optimization using iot & sensor networks approaches,D12,0.75,0.72,,D8,QNimbus,4,prediction
1945,Smart Devices,Smart Devices simulation and optimization using iot & sensor networks approaches,D12,0.92,0.84,,D16;D20,QNimbus,4,simulation
1946,Sensor Fusion,Multi-sensor fusion for tracking applications using iot & sensor networks approaches,D12,0.88,0.81,,D16,QNimbus,4,model
1947,Edge Computing,Edge Computing simulation and optimization using iot & sensor networks approaches,D12,0.83,0.83,,D8,QNimbus,4,analysis
1948,Network Protocols,Network Protocols simulation and optimization using iot & sensor networks approaches,D12,0.71,0.74,,D8;D3,QNimbus,4,optimization
1949,IoT Security,IoT Security simulation and optimization using iot & sensor networks approaches,D12,0.82,0.78,,D16;D3,QNimbus,4,design
1950,Smart Devices,Smart Devices simulation and optimization using iot & sensor networks approaches,D12,0.89,0.72,,D3,QNimbus,4,prediction
1951,Sensor Fusion,Multi-sensor fusion for localization applications using iot & sensor networks approaches,D12,0.87,0.87,,D8,QNimbus,4,simulation
1952,Edge Computing,Edge Computing simulation and optimization using iot & sensor networks approaches,D12,0.83,0.74,,D20;D8,QNimbus,4,model
1953,Network Protocols,Network Protocols simulation and optimization using iot & sensor networks approaches,D12,0.93,0.75,,D20,QNimbus,4,analysis
1954,IoT Security,IoT Security simulation and optimization using iot & sensor networks approaches,D12,0.71,0.85,,D16,QNimbus,4,optimization
1955,Smart Devices,Smart Devices simulation and optimization using iot & sensor networks approaches,D12,0.88,0.81,,D20,QNimbus,4,design
1956,Sensor Fusion,Multi-sensor fusion for recognition applications using iot & sensor networks approaches,D12,0.85,0.88,,D3,QNimbus,4,prediction
1957,Edge Computing,Edge Computing simulation and optimization using iot & sensor networks approaches,D12,0.89,0.89,,D8;D16,QNimbus,4,simulation
1958,Network Protocols,Network Protocols simulation and optimization using iot & sensor networks approaches,D12,0.81,0.86,,D8;D3,QNimbus,4,model
1959,IoT Security,IoT Security simulation and optimization using iot & sensor networks approaches,D12,0.81,0.85,,D16;D3,QNimbus,4,analysis
1960,Smart Devices,Smart Devices simulation and optimization using iot & sensor networks approaches,D12,0.82,0.87,,D8;D16,QNimbus,4,optimization
1961,Sensor Fusion,Multi-sensor fusion for tracking applications using iot & sensor networks approaches,D12,0.88,0.71,,D16,QNimbus,4,design
1962,Edge Computing,Edge Computing simulation and optimization using iot & sensor networks approaches,D12,0.82,0.87,,D20,QNimbus,4,prediction
1963,Network Protocols,Network Protocols simulation and optimization using iot & sensor networks approaches,D12,0.73,0.8,,D20;D8,QNimbus,4,simulation
1964,IoT Security,IoT Security simulation and optimization using iot & sensor networks approaches,D12,0.87,0.83,,D16,QNimbus,4,model
1965,Smart Devices,Smart Devices simulation and optimization using iot & sensor networks approaches,D12,0.91,0.71,,D20;D3,QNimbus,4,analysis
1966,Sensor Fusion,Multi-sensor fusion for localization applications using iot & sensor networks approaches,D12,0.94,0.76,,D8;D20,QNimbus,4,optimization
1967,Edge Computing,Edge Computing simulation and optimization using iot & sensor networks approaches,D12,0.91,0.76,,D3,QNimbus,4,design
1968,Network Protocols,Network Protocols simulation and optimization using iot & sensor networks approaches,D12,0.76,0.79,,D16,QNimbus,4,prediction
1969,IoT Security,IoT Security simulation and optimization using iot & sensor networks approaches,D12,0.92,0.81,,D3,QNimbus,4,simulation
1970,Smart Devices,Smart Devices simulation and optimization using iot & sensor networks approaches,D12,0.8,0.9,,D3;D20,QNimbus,4,model
1971,Sensor Fusion,Multi-sensor fusion for recognition applications using iot & sensor networks approaches,D12,0.9,0.9,,D16;D20,QNimbus,4,analysis
1972,Edge Computing,Edge Computing simulation and optimization using iot & sensor networks approaches,D12,0.72,0.83,,D16;D3,QNimbus,4,optimization
1973,Network Protocols,Network Protocols simulation and optimization using iot & sensor networks approaches,D12,0.87,0.83,,D16;D3,QNimbus,4,design
1974,IoT Security,IoT Security simulation and optimization using iot & sensor networks approaches,D12,0.91,0.78,,D20;D8,QNimbus,4,prediction
1975,Smart Devices,Smart Devices simulation and optimization using iot & sensor networks approaches,D12,0.73,0.84,,D8;D16,QNimbus,4,simulation
1976,Sensor Fusion,Multi-sensor fusion for tracking applications using iot & sensor networks approaches,D12,0.76,0.93,,D3,QNimbus,4,model
1977,Edge Computing,Edge Computing simulation and optimization using iot & sensor networks approaches,D12,0.72,0.87,,D8;D20,QNimbus,4,analysis
1978,Network Protocols,Network Protocols simulation and optimization using iot & sensor networks approaches,D12,0.72,0.9,,D8;D3,QNimbus,4,optimization
1979,IoT Security,IoT Security simulation and optimization using iot & sensor networks approaches,D12,0.82,0.91,,D3,QNimbus,4,design
1980,Smart Devices,Smart Devices simulation and optimization using iot & sensor networks approaches,D12,0.76,0.85,,D20,QNimbus,4,prediction
1981,Sensor Fusion,Multi-sensor fusion for localization applications using iot & sensor networks approaches,D12,0.72,0.8,,D16;D20,QNimbus,4,simulation
1982,Edge Computing,Edge Computing simulation and optimization using iot & sensor networks approaches,D12,0.75,0.73,,D16,QNimbus,4,model
1983,Network Protocols,Network Protocols simulation and optimization using iot & sensor networks approaches,D12,0.78,0.69,,D20,QNimbus,4,analysis
1984,IoT Security,IoT Security simulation and optimization using iot & sensor networks approaches,D12,0.87,0.82,,D20;D8,QNimbus,4,optimization
1985,Smart Devices,Smart Devices simulation and optimization using iot & sensor networks approaches,D12,0.84,0.91,,D3;D16,QNimbus,4,design
1986,Sensor Fusion,Multi-sensor fusion for recognition applications using iot & sensor networks approaches,D12,0.9,0.68,,D16,QNimbus,4,prediction
1987,Edge Computing,Edge Computing simulation and optimization using iot & sensor networks approaches,D12,0.83,0.84,,D8,QNimbus,4,simulation
1988,Network Protocols,Network Protocols simulation and optimization using iot & sensor networks approaches,D12,0.81,0.8,,D16;D20,QNimbus,4,model
1989,IoT Security,IoT Security simulation and optimization using iot & sensor networks approaches,D12,0.91,0.91,,D16,QNimbus,4,analysis
1990,Smart Devices,Smart Devices simulation and optimization using iot & sensor networks approaches,D12,0.92,0.76,,D8,QNimbus,4,optimization
1991,Sensor Fusion,Multi-sensor fusion for tracking applications using iot & sensor networks approaches,D12,0.79,0.78,,D20,QNimbus,4,design
1992,Edge Computing,Edge Computing simulation and optimization using iot & sensor networks approaches,D12,0.91,0.76,,D16,QNimbus,4,prediction
1993,Network Protocols,Network Protocols simulation and optimization using iot & sensor networks approaches,D12,0.83,0.73,,D8,QNimbus,4,simulation
1994,IoT Security,IoT Security simulation and optimization using iot & sensor networks approaches,D12,0.94,0.91,,D16;D20,QNimbus,4,model
1995,Smart Devices,Smart Devices simulation and optimization using iot & sensor networks approaches,D12,0.84,0.79,,D20,QNimbus,4,analysis
1996,Sensor Fusion,Multi-sensor fusion for localization applications using iot & sensor networks approaches,D12,0.93,0.8,,D8;D20,QNimbus,4,optimization
1997,Edge Computing,Edge Computing simulation and optimization using iot & sensor networks approaches,D12,0.79,0.73,,D8,QNimbus,4,design
1998,Network Protocols,Network Protocols simulation and optimization using iot & sensor networks approaches,D12,0.79,0.83,,D8;D16,QNimbus,4,prediction
1999,IoT Security,IoT Security simulation and optimization using iot & sensor networks approaches,D12,0.78,0.7,,D3,QNimbus,4,simulation
2000,Smart Devices,Smart Devices simulation and optimization using iot & sensor networks approaches,D12,0.78,0.79,,D8;D20,QNimbus,4,model
