Rank,Company,Sector,Revenue_M,Profit_M,RnD_Percent,Cloud_Provider,Has_HPC,Has_AI_ML,Has_Quantum,QII_Score,Technical_Feasibility,Integration_Compatibility,Economic_Leverage,Strategic_Value
1,Company_001,Healthcare,566103.0,71763.39,2.0,AWS,False,False,False,0.4,0.25,0.55,0.7,0.1
2,Company_002,Retail,582402.37,89921.71,2.0,AWS,False,False,False,0.3375,0.25,0.25,0.75,0.1
3,Company_003,Banking,623615.37,92694.93,2.0,Private/Hybrid,False,False,False,0.2375,0.15,0.0,0.7,0.1
4,Company_004,Retail,509858.85,72853.02,2.0,AWS,False,False,False,0.325,0.25,0.25,0.7,0.1
5,Company_005,Biotechnology,606247.92,58406.43,20.0,AWS,True,True,False,0.725,0.8,0.55,0.8999999999999999,0.65
6,Company_006,Banking,514853.55,80443.44,2.0,Private/Hybrid,False,False,False,0.25,0.15,0.0,0.75,0.1
7,Company_007,Healthcare,503851.37,97963.39,2.0,AWS,False,False,False,0.4125,0.25,0.55,0.75,0.1
8,Company_008,Telecommunications,609864.7,91599.42,2.0,Multi-cloud,True,True,False,0.5375,0.75,0.3,0.75,0.35
9,Company_009,Pharmaceuticals,666517.4,86234.25,18.0,AWS,True,True,False,0.7375,0.8,0.55,0.95,0.65
10,Company_010,Insurance,476443.58,64153.06,2.0,Private/Hybrid,False,False,False,0.3125,0.15,0.3,0.7,0.1
11,Company_011,Pharmaceuticals,484725.18,56092.52,18.0,AWS,True,True,False,0.7375,0.8,0.55,0.95,0.65
12,Company_012,Pharmaceuticals,489164.89,63841.4,18.0,AWS,True,True,False,0.7375,0.8,0.55,0.95,0.65
13,Company_013,Consumer Goods,653533.86,92920.95,2.0,AWS,False,False,False,0.325,0.25,0.25,0.7,0.1
14,Company_014,Telecommunications,480071.62,74205.17,2.0,Multi-cloud,True,True,False,0.5375,0.75,0.3,0.75,0.35
15,Company_015,Manufacturing,617721.76,87309.11,2.0,AWS,False,True,False,0.6625,0.5,0.9999999999999999,0.7,0.45
16,Company_016,Biotechnology,492038.76,82687.02,20.0,AWS,True,True,False,0.75,0.8,0.55,1.0,0.65
17,Company_017,Manufacturing,492056.32,47657.1,2.0,AWS,False,True,False,0.65,0.5,0.9999999999999999,0.6499999999999999,0.45
18,Company_018,Technology,599301.67,63640.67,15.0,Multi-cloud,True,True,False,0.65,0.75,0.4,0.95,0.5
19,Company_019,Aerospace & Defense,589973.0,86528.22,4.0,AWS,True,True,False,0.8,0.8,0.9999999999999999,0.8,0.6000000000000001
20,Company_020,Manufacturing,601370.81,81392.6,2.0,AWS,False,True,False,0.6625,0.5,0.9999999999999999,0.7,0.45
21,Company_021,Retail,437198.89,70142.99,2.0,AWS,False,False,False,0.3375,0.25,0.25,0.75,0.1
22,Company_022,Chemicals,546659.18,58915.6,3.0,AWS,True,True,False,0.6625,0.8,0.55,0.8,0.5
23,Company_023,Banking,490602.93,54348.06,2.0,Private/Hybrid,False,False,False,0.2375,0.15,0.0,0.7,0.1
24,Company_024,Consumer Goods,515935.47,74473.71,2.0,AWS,False,False,False,0.325,0.25,0.25,0.7,0.1
25,Company_025,Technology,495564.9,64864.42,15.0,Multi-cloud,True,True,False,0.65,0.75,0.4,0.95,0.5
26,Company_026,Retail,543970.64,67907.52,2.0,AWS,False,False,False,0.325,0.25,0.25,0.7,0.1
27,Company_027,Financial Services,552391.15,60855.87,2.0,Private/Hybrid,False,False,False,0.35,0.15,0.3,0.7,0.25
28,Company_028,Retail,457136.11,52818.98,2.0,AWS,False,False,False,0.325,0.25,0.25,0.7,0.1
29,Company_029,Biotechnology,554593.61,84444.42,20.0,AWS,True,True,False,0.75,0.8,0.55,1.0,0.65
30,Company_030,Telecommunications,414615.46,52901.98,2.0,Multi-cloud,True,True,False,0.525,0.75,0.3,0.7,0.35
31,Company_031,Energy,390481.11,37625.55,2.0,AWS,False,True,False,0.6625,0.5,0.8999999999999999,0.6499999999999999,0.6000000000000001
32,Company_032,Retail,468718.66,47918.73,2.0,AWS,False,False,False,0.325,0.25,0.25,0.7,0.1
33,Company_033,Manufacturing,437099.05,47456.35,2.0,AWS,False,True,False,0.6625,0.5,0.9999999999999999,0.7,0.45
34,Company_034,Technology,452220.85,50151.87,15.0,Multi-cloud,True,True,False,0.65,0.75,0.4,0.95,0.5
35,Company_035,Retail,427026.65,60724.62,2.0,AWS,False,False,False,0.325,0.25,0.25,0.7,0.1
36,Company_036,Technology,384545.29,53785.34,15.0,Multi-cloud,True,True,False,0.65,0.75,0.4,0.95,0.5
37,Company_037,Technology,452156.88,53115.63,15.0,Multi-cloud,True,True,False,0.65,0.75,0.4,0.95,0.5
38,Company_038,Aerospace & Defense,471488.27,53541.52,4.0,AWS,True,True,False,0.8,0.8,0.9999999999999999,0.8,0.6000000000000001
39,Company_039,Chemicals,414897.67,58318.91,3.0,AWS,True,True,False,0.6625,0.8,0.55,0.8,0.5
40,Company_040,Pharmaceuticals,435252.53,57484.09,18.0,AWS,True,True,False,0.7375,0.8,0.55,0.95,0.65
41,Company_041,Telecommunications,438028.68,55460.34,2.0,Multi-cloud,True,True,False,0.525,0.75,0.3,0.7,0.35
42,Company_042,Insurance,396608.43,50200.5,2.0,Private/Hybrid,False,False,False,0.3125,0.15,0.3,0.7,0.1
43,Company_043,Consumer Goods,419097.94,54236.92,2.0,AWS,False,False,False,0.325,0.25,0.25,0.7,0.1
44,Company_044,Pharmaceuticals,473447.95,45154.72,18.0,AWS,True,True,False,0.725,0.8,0.55,0.8999999999999999,0.65
45,Company_045,Chemicals,426279.61,59142.73,3.0,AWS,True,True,False,0.6625,0.8,0.55,0.8,0.5
46,Company_046,Automotive,373271.14,42717.65,5.0,AWS,False,True,False,0.725,0.5,0.9999999999999999,0.8,0.6000000000000001
47,Company_047,Telecommunications,472952.43,47289.52,2.0,Multi-cloud,True,True,False,0.5125,0.75,0.3,0.6499999999999999,0.35
48,Company_048,Technology,394007.74,39963.85,15.0,Multi-cloud,True,True,False,0.65,0.75,0.4,0.95,0.5
49,Company_049,Telecommunications,442886.12,47975.08,2.0,Multi-cloud,True,True,False,0.525,0.75,0.3,0.7,0.35
50,Company_050,Healthcare,468775.82,53564.92,2.0,AWS,False,False,False,0.4,0.25,0.55,0.7,0.1
51,Company_051,Banking,410749.81,52218.42,2.0,Private/Hybrid,False,False,False,0.225,0.15,0.0,0.65,0.1
52,Company_052,Financial Services,504600.52,73280.07,2.0,Private/Hybrid,False,False,False,0.3375,0.15,0.3,0.65,0.25
53,Company_053,Pharmaceuticals,418980.84,46872.93,18.0,AWS,True,True,False,0.725,0.8,0.55,0.9,0.65
54,Company_054,Retail,374610.17,40443.11,2.0,AWS,False,False,False,0.3125,0.25,0.25,0.65,0.1
55,Company_055,Technology,393614.16,49217.35,15.0,Multi-cloud,True,True,False,0.6375,0.75,0.4,0.9,0.5
56,Company_056,Energy,414517.73,52349.11,2.0,AWS,False,True,False,0.6625,0.5,0.8999999999999999,0.65,0.6000000000000001
57,Company_057,Energy,368298.7,38675.23,2.0,AWS,False,True,False,0.6625,0.5,0.8999999999999999,0.65,0.6000000000000001
58,Company_058,Retail,396894.4,44774.8,2.0,AWS,False,False,False,0.3125,0.25,0.25,0.65,0.1
59,Company_059,Insurance,417337.07,32262.09,2.0,Private/Hybrid,False,False,False,0.2875,0.15,0.3,0.6,0.1
60,Company_060,Technology,413775.83,43111.54,15.0,Multi-cloud,True,True,False,0.6375,0.75,0.4,0.9,0.5
61,Company_061,Energy,478552.73,32862.25,2.0,AWS,False,True,False,0.65,0.5,0.8999999999999999,0.6,0.6000000000000001
62,Company_062,Technology,464858.93,45989.31,15.0,Multi-cloud,True,True,False,0.625,0.75,0.4,0.85,0.5
63,Company_063,Technology,405627.98,34181.78,15.0,Multi-cloud,True,True,False,0.625,0.75,0.4,0.85,0.5
64,Company_064,Telecommunications,339836.85,30854.23,2.0,Multi-cloud,True,True,False,0.5,0.75,0.3,0.6,0.35
65,Company_065,Automotive,442567.08,50853.98,5.0,AWS,False,True,False,0.7125,0.5,0.9999999999999999,0.75,0.6000000000000001
66,Company_066,Aerospace & Defense,354780.18,28411.19,4.0,AWS,True,True,False,0.775,0.8,0.9999999999999999,0.7,0.6000000000000001
67,Company_067,Aerospace & Defense,328060.49,36141.22,4.0,AWS,True,True,False,0.7875,0.8,0.9999999999999999,0.75,0.6000000000000001
68,Company_068,Telecommunications,428602.72,58392.91,2.0,Multi-cloud,True,True,False,0.5125,0.75,0.3,0.65,0.35
69,Company_069,Healthcare,315378.33,28080.88,2.0,AWS,False,False,False,0.375,0.25,0.55,0.6,0.1
70,Company_070,Financial Services,357528.51,34717.39,2.0,Private/Hybrid,False,False,False,0.325,0.15,0.3,0.6,0.25
71,Company_071,Banking,399471.58,32315.72,2.0,Private/Hybrid,False,False,False,0.2125,0.15,0.0,0.6,0.1
72,Company_072,Energy,384759.5,34464.66,2.0,AWS,False,True,False,0.65,0.5,0.8999999999999999,0.6,0.6000000000000001
73,Company_073,Retail,300771.46,31665.01,2.0,AWS,False,False,False,0.3125,0.25,0.25,0.65,0.1
74,Company_074,Biotechnology,405917.76,24397.74,20.0,AWS,True,True,False,0.7125,0.8,0.55,0.85,0.65
75,Company_075,Banking,357697.6,31981.25,2.0,Private/Hybrid,False,False,False,0.2125,0.15,0.0,0.6,0.1
76,Company_076,Pharmaceuticals,381372.72,40245.16,18.0,AWS,True,True,False,0.725,0.8,0.55,0.9,0.65
77,Company_077,Aerospace & Defense,426542.32,29918.97,4.0,AWS,True,True,False,0.775,0.8,0.9999999999999999,0.7,0.6000000000000001
78,Company_078,Retail,288987.03,16191.54,2.0,AWS,False,False,False,0.3,0.25,0.25,0.6,0.1
79,Company_079,Aerospace & Defense,344181.67,30293.32,4.0,AWS,True,True,False,0.775,0.8,0.9999999999999999,0.7,0.6000000000000001
80,Company_080,Energy,315351.07,30928.67,2.0,AWS,False,True,False,0.65,0.5,0.8999999999999999,0.6,0.6000000000000001
81,Company_081,Energy,372054.09,37961.32,2.0,AWS,False,True,False,0.6625,0.5,0.8999999999999999,0.65,0.6000000000000001
82,Company_082,Healthcare,312277.91,39681.21,2.0,AWS,False,False,False,0.3875,0.25,0.55,0.65,0.1
83,Company_083,Aerospace & Defense,278000.73,24702.34,4.0,AWS,True,True,False,0.775,0.8,0.9999999999999999,0.7,0.6000000000000001
84,Company_084,Pharmaceuticals,384800.19,50259.2,18.0,AWS,True,True,False,0.725,0.8,0.55,0.9,0.65
85,Company_085,Aerospace & Defense,360844.27,31124.11,4.0,AWS,True,True,False,0.775,0.8,0.9999999999999999,0.7,0.6000000000000001
86,Company_086,Technology,338610.35,34811.98,15.0,Multi-cloud,True,True,False,0.6375,0.75,0.4,0.9,0.5
87,Company_087,Financial Services,360659.26,37238.26,2.0,Private/Hybrid,False,False,False,0.3375,0.15,0.3,0.65,0.25
88,Company_088,Chemicals,345156.44,32597.24,3.0,AWS,True,True,False,0.6375,0.8,0.55,0.7,0.5
89,Company_089,Insurance,354981.34,24982.71,2.0,Private/Hybrid,False,False,False,0.2875,0.15,0.3,0.6,0.1
90,Company_090,Healthcare,387434.43,36706.55,2.0,AWS,False,False,False,0.375,0.25,0.55,0.6,0.1
91,Company_091,Biotechnology,346919.25,26668.7,20.0,AWS,True,True,False,0.7125,0.8,0.55,0.85,0.65
92,Company_092,Healthcare,262308.8,19014.82,2.0,AWS,False,False,False,0.375,0.25,0.55,0.6,0.1
93,Company_093,Aerospace & Defense,301664.72,20013.96,4.0,AWS,True,True,False,0.775,0.8,0.9999999999999999,0.7,0.6000000000000001
94,Company_094,Automotive,289931.4,34926.58,5.0,AWS,False,True,False,0.7125,0.5,0.9999999999999999,0.75,0.6000000000000001
95,Company_095,Pharmaceuticals,343555.33,36645.71,18.0,AWS,True,True,False,0.725,0.8,0.55,0.9,0.65
96,Company_096,Pharmaceuticals,375547.86,35464.97,18.0,AWS,True,True,False,0.7125,0.8,0.55,0.85,0.65
97,Company_097,Pharmaceuticals,322886.94,38786.7,18.0,AWS,True,True,False,0.725,0.8,0.55,0.9,0.65
98,Company_098,Banking,292305.61,28672.35,2.0,Private/Hybrid,False,False,False,0.2125,0.15,0.0,0.6,0.1
99,Company_099,Healthcare,277685.23,30557.9,2.0,AWS,False,False,False,0.3875,0.25,0.55,0.65,0.1
100,Company_100,Banking,357652.88,37176.31,2.0,Private/Hybrid,False,False,False,0.225,0.15,0.0,0.65,0.1
101,Company_101,Biotechnology,283977.26,23183.17,20.0,AWS,True,True,False,0.6625,0.8,0.55,0.7999999999999999,0.5
102,Company_102,Automotive,254275.53,26225.72,5.0,AWS,False,True,False,0.7,0.5,0.9999999999999999,0.7,0.6000000000000001
103,Company_103,Retail,323300.77,19027.69,2.0,AWS,False,False,False,0.2875,0.25,0.25,0.5499999999999999,0.1
104,Company_104,Pharmaceuticals,312234.78,5640.07,18.0,AWS,True,True,False,0.65,0.8,0.55,0.75,0.5
105,Company_105,Insurance,328029.3,31975.04,2.0,Private/Hybrid,False,False,False,0.275,0.15,0.3,0.5499999999999999,0.1
106,Company_106,Banking,352117.02,34230.17,2.0,Private/Hybrid,False,False,False,0.2,0.15,0.0,0.5499999999999999,0.1
107,Company_107,Consumer Goods,321880.71,38810.5,2.0,AWS,False,False,False,0.3,0.25,0.25,0.6,0.1
108,Company_108,Biotechnology,322601.17,29695.83,20.0,AWS,True,True,False,0.6625,0.8,0.55,0.7999999999999999,0.5
109,Company_109,Chemicals,281534.16,20696.37,3.0,AWS,True,True,False,0.625,0.8,0.55,0.6499999999999999,0.5
110,Company_110,Retail,239923.88,13472.06,2.0,AWS,False,False,False,0.2875,0.25,0.25,0.5499999999999999,0.1
111,Company_111,Insurance,295578.42,26233.63,2.0,Private/Hybrid,False,False,False,0.275,0.15,0.3,0.5499999999999999,0.1
112,Company_112,Consumer Goods,270291.2,21321.51,2.0,AWS,False,False,False,0.2875,0.25,0.25,0.5499999999999999,0.1
113,Company_113,Healthcare,268690.5,16636.37,2.0,AWS,False,False,False,0.3625,0.25,0.55,0.5499999999999999,0.1
114,Company_114,Financial Services,252953.16,24946.51,2.0,Private/Hybrid,False,False,False,0.3125,0.15,0.3,0.5499999999999999,0.25
115,Company_115,Automotive,305602.59,28914.54,5.0,AWS,False,True,False,0.6875,0.5,0.9999999999999999,0.6499999999999999,0.6000000000000001
116,Company_116,Banking,286116.73,26342.52,2.0,Private/Hybrid,False,False,False,0.2,0.15,0.0,0.5499999999999999,0.1
117,Company_117,Retail,272591.86,22402.95,2.0,AWS,False,False,False,0.2875,0.25,0.25,0.5499999999999999,0.1
118,Company_118,Insurance,219901.18,14039.75,2.0,Private/Hybrid,False,False,False,0.275,0.15,0.3,0.5499999999999999,0.1
119,Company_119,Retail,313863.3,26648.24,2.0,AWS,False,False,False,0.2875,0.25,0.25,0.5499999999999999,0.1
120,Company_120,Telecommunications,290670.31,23361.54,2.0,Multi-cloud,True,True,False,0.4875,0.75,0.3,0.5499999999999999,0.35
121,Company_121,Retail,281667.54,20049.34,2.0,AWS,False,False,False,0.2875,0.25,0.25,0.5499999999999999,0.1
122,Company_122,Telecommunications,308714.09,36033.84,2.0,Multi-cloud,True,True,False,0.5,0.75,0.3,0.6,0.35
123,Company_123,Manufacturing,312745.49,23882.37,2.0,AWS,False,True,False,0.625,0.5,0.9999999999999999,0.5499999999999999,0.45
124,Company_124,Pharmaceuticals,227819.1,15247.1,18.0,AWS,True,True,False,0.6625,0.8,0.55,0.7999999999999999,0.5
125,Company_125,Telecommunications,245463.04,15579.01,2.0,Multi-cloud,True,True,False,0.4875,0.75,0.3,0.5499999999999999,0.35
126,Company_126,Consumer Goods,254181.57,20683.59,2.0,AWS,False,False,False,0.2875,0.25,0.25,0.5499999999999999,0.1
127,Company_127,Insurance,237701.4,21276.68,2.0,Private/Hybrid,False,False,False,0.275,0.15,0.3,0.5499999999999999,0.1
128,Company_128,Energy,212267.03,20635.37,2.0,AWS,False,True,False,0.6375,0.5,0.8999999999999999,0.5499999999999999,0.6000000000000001
129,Company_129,Financial Services,265415.57,24294.0,2.0,Private/Hybrid,False,False,False,0.3125,0.15,0.3,0.5499999999999999,0.25
130,Company_130,Technology,204428.19,15251.81,15.0,Multi-cloud,True,True,False,0.575,0.75,0.4,0.7999999999999999,0.35
131,Company_131,Chemicals,248567.23,16073.92,3.0,AWS,True,True,False,0.625,0.8,0.55,0.6499999999999999,0.5
132,Company_132,Financial Services,282549.66,29791.24,2.0,Private/Hybrid,False,False,False,0.325,0.15,0.3,0.6,0.25
133,Company_133,Retail,211009.07,17576.39,2.0,AWS,False,False,False,0.2875,0.25,0.25,0.5499999999999999,0.1
134,Company_134,Retail,251018.53,28720.33,2.0,AWS,False,False,False,0.3,0.25,0.25,0.6,0.1
135,Company_135,Telecommunications,269026.94,13158.0,2.0,Multi-cloud,True,True,False,0.475,0.75,0.3,0.5,0.35
136,Company_136,Insurance,286331.35,18016.36,2.0,Private/Hybrid,False,False,False,0.275,0.15,0.3,0.5499999999999999,0.1
137,Company_137,Healthcare,277127.55,2771.28,2.0,AWS,False,False,False,0.35,0.25,0.55,0.5,0.1
138,Company_138,Energy,272795.67,19039.12,2.0,AWS,False,True,False,0.6375,0.5,0.8999999999999999,0.5499999999999999,0.6000000000000001
139,Company_139,Consumer Goods,198417.7,16504.74,2.0,AWS,False,False,False,0.2875,0.25,0.25,0.5499999999999999,0.1
140,Company_140,Retail,260023.72,26392.79,2.0,AWS,False,False,False,0.3,0.25,0.25,0.6,0.1
141,Company_141,Financial Services,262974.85,20797.01,2.0,Private/Hybrid,False,False,False,0.3125,0.15,0.3,0.5499999999999999,0.25
142,Company_142,Banking,241193.22,21761.52,2.0,Private/Hybrid,False,False,False,0.2,0.15,0.0,0.5499999999999999,0.1
143,Company_143,Technology,193436.45,15694.33,15.0,Multi-cloud,True,True,False,0.575,0.75,0.4,0.7999999999999999,0.35
144,Company_144,Automotive,220228.6,23798.95,5.0,AWS,False,True,False,0.7,0.5,0.9999999999999999,0.7,0.6000000000000001
145,Company_145,Technology,246250.74,17130.09,15.0,Multi-cloud,True,True,False,0.575,0.75,0.4,0.7999999999999999,0.35
146,Company_146,Manufacturing,204771.2,20808.25,2.0,AWS,False,True,False,0.6375,0.5,0.9999999999999999,0.6,0.45
147,Company_147,Chemicals,236068.19,11810.83,3.0,AWS,True,True,False,0.625,0.8,0.55,0.6499999999999999,0.5
148,Company_148,Telecommunications,185740.29,11277.9,2.0,Multi-cloud,True,True,False,0.4875,0.75,0.3,0.5499999999999999,0.35
149,Company_149,Pharmaceuticals,229738.25,24070.39,18.0,AWS,True,True,False,0.675,0.8,0.55,0.85,0.5
150,Company_150,Healthcare,207101.46,11608.85,2.0,AWS,False,False,False,0.3625,0.25,0.55,0.5499999999999999,0.1
151,Company_151,Healthcare,220597.31,16238.6,2.0,AWS,False,False,False,0.3625,0.25,0.55,0.5499999999999999,0.1
152,Company_152,Biotechnology,188961.23,14914.78,20.0,AWS,True,True,False,0.6625,0.8,0.55,0.7999999999999999,0.5
153,Company_153,Biotechnology,175838.04,18517.87,20.0,AWS,True,True,False,0.675,0.8,0.55,0.85,0.5
154,Company_154,Banking,203250.97,24201.26,2.0,Private/Hybrid,False,False,False,0.2125,0.15,0.0,0.6,0.1
155,Company_155,Energy,198255.14,13955.63,2.0,AWS,False,True,False,0.6375,0.5,0.8999999999999999,0.5499999999999999,0.6000000000000001
156,Company_156,Consumer Goods,243763.16,12922.2,2.0,AWS,False,False,False,0.2875,0.25,0.25,0.5499999999999999,0.1
157,Company_157,Consumer Goods,168749.63,12549.42,2.0,AWS,False,False,False,0.2875,0.25,0.25,0.5499999999999999,0.1
158,Company_158,Aerospace & Defense,207968.43,14830.27,4.0,AWS,True,True,False,0.7625,0.8,0.9999999999999999,0.6499999999999999,0.6000000000000001
159,Company_159,Chemicals,210473.21,13751.09,3.0,AWS,True,True,False,0.625,0.8,0.55,0.6499999999999999,0.5
160,Company_160,Automotive,221951.56,16144.39,5.0,AWS,False,True,False,0.6875,0.5,0.9999999999999999,0.6499999999999999,0.6000000000000001
161,Company_161,Telecommunications,200805.52,7602.46,2.0,Multi-cloud,True,True,False,0.475,0.75,0.3,0.5,0.35
162,Company_162,Telecommunications,164641.71,12160.3,2.0,Multi-cloud,True,True,False,0.4875,0.75,0.3,0.5499999999999999,0.35
163,Company_163,Healthcare,188437.4,19472.33,2.0,AWS,False,False,False,0.375,0.25,0.55,0.6,0.1
164,Company_164,Consumer Goods,167837.29,14607.01,2.0,AWS,False,False,False,0.2875,0.25,0.25,0.5499999999999999,0.1
165,Company_165,Aerospace & Defense,204335.63,20187.07,4.0,AWS,True,True,False,0.7625,0.8,0.9999999999999999,0.6499999999999999,0.6000000000000001
166,Company_166,Financial Services,230110.91,25021.48,2.0,Private/Hybrid,False,False,False,0.325,0.15,0.3,0.6,0.25
167,Company_167,Retail,196939.22,15510.2,2.0,AWS,False,False,False,0.2875,0.25,0.25,0.5499999999999999,0.1
168,Company_168,Automotive,168584.27,10916.23,5.0,AWS,False,True,False,0.6875,0.5,0.9999999999999999,0.6499999999999999,0.6000000000000001
169,Company_169,Chemicals,221756.08,15951.2,3.0,AWS,True,True,False,0.625,0.8,0.55,0.6499999999999999,0.5
170,Company_170,Technology,217675.12,18812.74,15.0,Multi-cloud,True,True,False,0.575,0.75,0.4,0.7999999999999999,0.35
171,Company_171,Aerospace & Defense,216519.64,15980.49,4.0,AWS,True,True,False,0.7625,0.8,0.9999999999999999,0.6499999999999999,0.6000000000000001
172,Company_172,Energy,211164.3,21870.05,2.0,AWS,False,True,False,0.65,0.5,0.8999999999999999,0.6,0.6000000000000001
173,Company_173,Consumer Goods,183702.4,6462.21,2.0,AWS,False,False,False,0.275,0.25,0.25,0.5,0.1
174,Company_174,Energy,208238.55,14267.2,2.0,AWS,False,True,False,0.6375,0.5,0.8999999999999999,0.5499999999999999,0.6000000000000001
175,Company_175,Energy,219129.29,18629.49,2.0,AWS,False,True,False,0.6375,0.5,0.8999999999999999,0.5499999999999999,0.6000000000000001
176,Company_176,Aerospace & Defense,189208.77,6339.83,4.0,AWS,True,True,False,0.75,0.8,0.9999999999999999,0.6,0.6000000000000001
177,Company_177,Retail,171266.39,9418.61,2.0,AWS,False,False,False,0.2875,0.25,0.25,0.5499999999999999,0.1
178,Company_178,Consumer Goods,155062.56,12725.8,2.0,AWS,False,False,False,0.2875,0.25,0.25,0.5499999999999999,0.1
179,Company_179,Banking,175509.98,13731.45,2.0,Private/Hybrid,False,False,False,0.2,0.15,0.0,0.5499999999999999,0.1
180,Company_180,Manufacturing,153558.25,9592.63,2.0,AWS,False,True,False,0.625,0.5,0.9999999999999999,0.5499999999999999,0.45
181,Company_181,Energy,158333.03,12623.49,2.0,AWS,False,True,False,0.6375,0.5,0.8999999999999999,0.5499999999999999,0.6000000000000001
182,Company_182,Chemicals,198403.16,12384.01,3.0,AWS,True,True,False,0.625,0.8,0.55,0.6499999999999999,0.5
183,Company_183,Healthcare,198361.88,11344.85,2.0,AWS,False,False,False,0.3625,0.25,0.55,0.5499999999999999,0.1
184,Company_184,Pharmaceuticals,177584.55,13328.78,18.0,AWS,True,True,False,0.6625,0.8,0.55,0.7999999999999999,0.5
185,Company_185,Banking,167272.04,10156.97,2.0,Private/Hybrid,False,False,False,0.2,0.15,0.0,0.5499999999999999,0.1
186,Company_186,Technology,182249.66,16691.94,15.0,Multi-cloud,True,True,False,0.575,0.75,0.4,0.7999999999999999,0.35
187,Company_187,Automotive,172664.53,12423.37,5.0,AWS,False,True,False,0.6875,0.5,0.9999999999999999,0.6499999999999999,0.6000000000000001
188,Company_188,Manufacturing,141630.22,8622.02,2.0,AWS,False,True,False,0.625,0.5,0.9999999999999999,0.5499999999999999,0.45
189,Company_189,Manufacturing,144112.0,9858.86,2.0,AWS,False,True,False,0.625,0.5,0.9999999999999999,0.5499999999999999,0.45
190,Company_190,Consumer Goods,146524.36,11185.02,2.0,AWS,False,False,False,0.2875,0.25,0.25,0.5499999999999999,0.1
191,Company_191,Energy,170186.0,11648.44,2.0,AWS,False,True,False,0.6375,0.5,0.8999999999999999,0.5499999999999999,0.6000000000000001
192,Company_192,Chemicals,180633.97,12576.66,3.0,AWS,True,True,False,0.625,0.8,0.55,0.6499999999999999,0.5
193,Company_193,Chemicals,134793.86,12766.36,3.0,AWS,True,True,False,0.625,0.8,0.55,0.6499999999999999,0.5
194,Company_194,Insurance,138466.8,10026.53,2.0,Private/Hybrid,False,False,False,0.275,0.15,0.3,0.5499999999999999,0.1
195,Company_195,Insurance,186179.7,10952.93,2.0,Private/Hybrid,False,False,False,0.275,0.15,0.3,0.5499999999999999,0.1
196,Company_196,Pharmaceuticals,161546.18,7190.51,18.0,AWS,True,True,False,0.65,0.8,0.55,0.75,0.5
197,Company_197,Pharmaceuticals,175554.74,16092.01,18.0,AWS,True,True,False,0.6625,0.8,0.55,0.7999999999999999,0.5
198,Company_198,Pharmaceuticals,166630.2,13993.43,18.0,AWS,True,True,False,0.6625,0.8,0.55,0.7999999999999999,0.5
199,Company_199,Aerospace & Defense,149187.12,8284.46,4.0,AWS,True,True,False,0.7625,0.8,0.9999999999999999,0.6499999999999999,0.6000000000000001
200,Company_200,Manufacturing,184213.43,6353.42,2.0,AWS,False,True,False,0.6125,0.5,0.9999999999999999,0.5,0.45
201,Company_201,Pharmaceuticals,164111.52,10763.54,18.0,AWS,True,True,False,0.6625,0.8,0.55,0.7999999999999999,0.5
202,Company_202,Aerospace & Defense,169000.46,13145.0,4.0,AWS,True,True,False,0.7625,0.8,0.9999999999999999,0.6499999999999999,0.6000000000000001
203,Company_203,Pharmaceuticals,147240.2,7448.17,18.0,AWS,True,True,False,0.6625,0.8,0.55,0.7999999999999999,0.5
204,Company_204,Consumer Goods,179919.73,9552.85,2.0,AWS,False,False,False,0.2875,0.25,0.25,0.5499999999999999,0.1
205,Company_205,Retail,136292.77,4253.06,2.0,AWS,False,False,False,0.275,0.25,0.25,0.5,0.1
206,Company_206,Retail,170365.07,15512.6,2.0,AWS,False,False,False,0.2875,0.25,0.25,0.5499999999999999,0.1
207,Company_207,Energy,127657.03,10679.05,2.0,AWS,False,True,False,0.6375,0.5,0.8999999999999999,0.5499999999999999,0.6000000000000001
208,Company_208,Financial Services,140764.77,8100.4,2.0,Private/Hybrid,False,False,False,0.3125,0.15,0.3,0.5499999999999999,0.25
209,Company_209,Pharmaceuticals,154135.31,11067.3,18.0,AWS,True,True,False,0.6625,0.8,0.55,0.7999999999999999,0.5
210,Company_210,Insurance,136800.54,4329.79,2.0,Private/Hybrid,False,False,False,0.2625,0.15,0.3,0.5,0.1
211,Company_211,Technology,130519.58,8313.05,15.0,Multi-cloud,True,True,False,0.575,0.75,0.4,0.7999999999999999,0.35
212,Company_212,Energy,149345.1,4825.21,2.0,AWS,False,True,False,0.625,0.5,0.8999999999999999,0.5,0.6000000000000001
213,Company_213,Insurance,173852.76,19706.37,2.0,Private/Hybrid,False,False,False,0.2875,0.15,0.3,0.6,0.1
214,Company_214,Manufacturing,139845.91,8803.28,2.0,AWS,False,True,False,0.625,0.5,0.9999999999999999,0.5499999999999999,0.45
215,Company_215,Financial Services,126228.84,14269.79,2.0,Private/Hybrid,False,False,False,0.325,0.15,0.3,0.6,0.25
216,Company_216,Financial Services,154328.63,6079.07,2.0,Private/Hybrid,False,False,False,0.3,0.15,0.3,0.5,0.25
217,Company_217,Pharmaceuticals,140143.85,13068.71,18.0,AWS,True,True,False,0.6625,0.8,0.55,0.7999999999999999,0.5
218,Company_218,Automotive,160573.43,9786.26,5.0,AWS,False,True,False,0.6875,0.5,0.9999999999999999,0.6499999999999999,0.6000000000000001
219,Company_219,Technology,126650.62,7911.15,15.0,Multi-cloud,True,True,False,0.575,0.75,0.4,0.7999999999999999,0.35
220,Company_220,Financial Services,119378.33,9563.47,2.0,Private/Hybrid,False,False,False,0.3125,0.15,0.3,0.5499999999999999,0.25
221,Company_221,Automotive,132435.49,3777.01,5.0,AWS,False,True,False,0.675,0.5,0.9999999999999999,0.6,0.6000000000000001
222,Company_222,Consumer Goods,114953.86,7780.16,2.0,AWS,False,False,False,0.2875,0.25,0.25,0.5499999999999999,0.1
223,Company_223,Healthcare,156702.59,14900.22,2.0,AWS,False,False,False,0.3625,0.25,0.55,0.5499999999999999,0.1
224,Company_224,Manufacturing,146755.88,10194.43,2.0,AWS,False,True,False,0.625,0.5,0.9999999999999999,0.5499999999999999,0.45
225,Company_225,Consumer Goods,128372.15,4996.07,2.0,AWS,False,False,False,0.275,0.25,0.25,0.5,0.1
226,Company_226,Aerospace & Defense,111014.85,8076.75,4.0,AWS,True,True,False,0.7625,0.8,0.9999999999999999,0.6499999999999999,0.6000000000000001
227,Company_227,Financial Services,116669.04,3142.55,2.0,Private/Hybrid,False,False,False,0.3,0.15,0.3,0.5,0.25
228,Company_228,Chemicals,137775.96,13160.66,3.0,AWS,True,True,False,0.625,0.8,0.55,0.6499999999999999,0.5
229,Company_229,Telecommunications,123214.82,10329.2,2.0,Multi-cloud,True,True,False,0.4875,0.75,0.3,0.5499999999999999,0.35
230,Company_230,Pharmaceuticals,118843.28,5541.08,18.0,AWS,True,True,False,0.65,0.8,0.55,0.75,0.5
231,Company_231,Chemicals,143022.66,9046.82,3.0,AWS,True,True,False,0.625,0.8,0.55,0.6499999999999999,0.5
232,Company_232,Technology,143099.47,5768.02,15.0,Multi-cloud,True,True,False,0.5625,0.75,0.4,0.75,0.35
233,Company_233,Automotive,115180.75,11844.54,5.0,AWS,False,True,False,0.7,0.5,0.9999999999999999,0.7,0.6000000000000001
234,Company_234,Pharmaceuticals,142973.06,10448.17,18.0,AWS,True,True,False,0.6625,0.8,0.55,0.7999999999999999,0.5
235,Company_235,Energy,145311.59,11857.05,2.0,AWS,False,True,False,0.6375,0.5,0.8999999999999999,0.5499999999999999,0.6000000000000001
236,Company_236,Telecommunications,140090.3,11553.32,2.0,Multi-cloud,True,True,False,0.4875,0.75,0.3,0.5499999999999999,0.35
237,Company_237,Automotive,126263.3,10092.37,5.0,AWS,False,True,False,0.6875,0.5,0.9999999999999999,0.6499999999999999,0.6000000000000001
238,Company_238,Telecommunications,104932.96,7209.63,2.0,Multi-cloud,True,True,False,0.4875,0.75,0.3,0.5499999999999999,0.35
239,Company_239,Retail,133273.99,9781.7,2.0,AWS,False,False,False,0.2875,0.25,0.25,0.5499999999999999,0.1
240,Company_240,Aerospace & Defense,141218.31,4577.86,4.0,AWS,True,True,False,0.75,0.8,0.9999999999999999,0.6,0.6000000000000001
241,Company_241,Energy,133372.84,2918.97,2.0,AWS,False,True,False,0.625,0.5,0.8999999999999999,0.5,0.6000000000000001
242,Company_242,Pharmaceuticals,99585.65,3893.85,18.0,AWS,True,True,False,0.6375,0.8,0.55,0.7000000000000001,0.5
243,Company_243,Pharmaceuticals,98232.94,5334.4,18.0,AWS,True,True,False,0.65,0.8,0.55,0.75,0.5
244,Company_244,Healthcare,108378.44,8981.1,2.0,AWS,False,False,False,0.3625,0.25,0.55,0.5499999999999999,0.1
245,Company_245,Consumer Goods,112322.84,2643.36,2.0,AWS,False,False,False,0.275,0.25,0.25,0.5,0.1
246,Company_246,Chemicals,120814.4,6773.53,3.0,AWS,True,True,False,0.625,0.8,0.55,0.6499999999999999,0.5
247,Company_247,Financial Services,136667.49,9013.25,2.0,Private/Hybrid,False,False,False,0.3125,0.15,0.3,0.5499999999999999,0.25
248,Company_248,Technology,95328.91,3565.09,15.0,Multi-cloud,True,True,False,0.55,0.75,0.4,0.7000000000000001,0.35
249,Company_249,Healthcare,123434.83,4862.98,2.0,AWS,False,False,False,0.35,0.25,0.55,0.5,0.1
250,Company_250,Energy,134526.24,14026.61,2.0,AWS,False,True,False,0.65,0.5,0.8999999999999999,0.6,0.6000000000000001
251,Company_251,Banking,106312.17,3374.33,2.0,Private/Hybrid,False,False,False,0.175,0.15,0.0,0.44999999999999996,0.1
252,Company_252,Consumer Goods,123382.21,6603.55,2.0,AWS,False,False,False,0.275,0.25,0.25,0.49999999999999994,0.1
253,Company_253,Telecommunications,118136.52,8818.22,2.0,Multi-cloud,True,True,False,0.475,0.75,0.3,0.49999999999999994,0.35
254,Company_254,Chemicals,116816.69,7834.92,3.0,AWS,True,True,False,0.6125,0.8,0.55,0.6,0.5
255,Company_255,Automotive,89416.72,5937.32,5.0,AWS,False,True,False,0.6625,0.5,0.9999999999999999,0.55,0.6000000000000001
256,Company_256,Automotive,107715.04,6665.86,5.0,AWS,False,True,False,0.675,0.5,0.9999999999999999,0.6,0.6000000000000001
257,Company_257,Financial Services,116699.41,7770.59,2.0,Private/Hybrid,False,False,False,0.3,0.15,0.3,0.49999999999999994,0.25
258,Company_258,Consumer Goods,120132.26,6404.49,2.0,AWS,False,False,False,0.275,0.25,0.25,0.49999999999999994,0.1
259,Company_259,Banking,104810.88,10619.79,2.0,Private/Hybrid,False,False,False,0.2,0.15,0.0,0.55,0.1
260,Company_260,Biotechnology,94567.24,6073.93,20.0,AWS,True,True,False,0.6375,0.8,0.55,0.7000000000000001,0.5
261,Company_261,Automotive,121530.26,1215.3,5.0,AWS,False,True,False,0.6625,0.5,0.9999999999999999,0.5499999999999999,0.6000000000000001
262,Company_262,Technology,96883.32,8064.94,15.0,Multi-cloud,True,True,False,0.55,0.75,0.4,0.7000000000000001,0.35
263,Company_263,Insurance,110636.91,6650.8,2.0,Private/Hybrid,False,False,False,0.2625,0.15,0.3,0.49999999999999994,0.1
264,Company_264,Aerospace & Defense,83589.06,7640.68,4.0,AWS,True,True,False,0.7375,0.8,0.9999999999999999,0.55,0.6000000000000001
265,Company_265,Healthcare,82042.56,3963.62,2.0,AWS,False,False,False,0.325,0.25,0.55,0.39999999999999997,0.1
266,Company_266,Insurance,81874.23,2723.8,2.0,Private/Hybrid,False,False,False,0.2375,0.15,0.3,0.39999999999999997,0.1
267,Company_267,Biotechnology,82467.97,8979.06,20.0,AWS,True,True,False,0.65,0.8,0.55,0.7500000000000001,0.5
268,Company_268,Consumer Goods,84095.16,3687.48,2.0,AWS,False,False,False,0.25,0.25,0.25,0.39999999999999997,0.1
269,Company_269,Banking,109331.08,5289.91,2.0,Private/Hybrid,False,False,False,0.175,0.15,0.0,0.44999999999999996,0.1
270,Company_270,Financial Services,113176.39,5781.6,2.0,Private/Hybrid,False,False,False,0.3,0.15,0.3,0.49999999999999994,0.25
271,Company_271,Manufacturing,80475.08,1446.95,2.0,AWS,False,True,False,0.5875,0.5,0.9999999999999999,0.39999999999999997,0.45
272,Company_272,Retail,115732.7,3754.32,2.0,AWS,False,False,False,0.2625,0.25,0.25,0.44999999999999996,0.1
273,Company_273,Financial Services,100658.99,7363.49,2.0,Private/Hybrid,False,False,False,0.3,0.15,0.3,0.49999999999999994,0.25
274,Company_274,Chemicals,115542.27,7002.93,3.0,AWS,True,True,False,0.6125,0.8,0.55,0.6,0.5
275,Company_275,Banking,108890.61,7486.84,2.0,Private/Hybrid,False,False,False,0.1875,0.15,0.0,0.49999999999999994,0.1
276,Company_276,Telecommunications,90872.43,4203.31,2.0,Multi-cloud,True,True,False,0.45,0.75,0.3,0.39999999999999997,0.35
277,Company_277,Automotive,107008.4,7123.73,5.0,AWS,False,True,False,0.675,0.5,0.9999999999999999,0.6,0.6000000000000001
278,Company_278,Aerospace & Defense,110116.69,8818.97,4.0,AWS,True,True,False,0.75,0.8,0.9999999999999999,0.6,0.6000000000000001
279,Company_279,Technology,84445.55,1648.87,15.0,Multi-cloud,True,True,False,0.5375,0.75,0.4,0.6500000000000001,0.35
280,Company_280,Energy,104504.53,12480.81,2.0,AWS,False,True,False,0.6375,0.5,0.8999999999999999,0.55,0.6000000000000001
281,Company_281,Telecommunications,95592.84,3748.99,2.0,Multi-cloud,True,True,False,0.45,0.75,0.3,0.39999999999999997,0.35
282,Company_282,Insurance,83239.47,4932.32,2.0,Private/Hybrid,False,False,False,0.25,0.15,0.3,0.45,0.1
283,Company_283,Manufacturing,107521.56,6625.33,2.0,AWS,False,True,False,0.6125,0.5,0.9999999999999999,0.49999999999999994,0.45
284,Company_284,Financial Services,98841.23,6180.71,2.0,Private/Hybrid,False,False,False,0.2875,0.15,0.3,0.45,0.25
285,Company_285,Financial Services,71975.37,3676.16,2.0,Private/Hybrid,False,False,False,0.2875,0.15,0.3,0.45,0.25
286,Company_286,Insurance,79167.19,4573.45,2.0,Private/Hybrid,False,False,False,0.25,0.15,0.3,0.45,0.1
287,Company_287,Healthcare,105961.12,7822.03,2.0,AWS,False,False,False,0.35,0.25,0.55,0.49999999999999994,0.1
288,Company_288,Chemicals,94227.8,5307.98,3.0,AWS,True,True,False,0.6,0.8,0.55,0.55,0.5
289,Company_289,Technology,100613.53,6778.41,15.0,Multi-cloud,True,True,False,0.5625,0.75,0.4,0.75,0.35
290,Company_290,Insurance,75008.32,5826.38,2.0,Private/Hybrid,False,False,False,0.25,0.15,0.3,0.45,0.1
291,Company_291,Energy,93032.95,7034.96,2.0,AWS,False,True,False,0.6125,0.5,0.8999999999999999,0.45,0.6000000000000001
292,Company_292,Insurance,98724.27,8492.97,2.0,Private/Hybrid,False,False,False,0.25,0.15,0.3,0.45,0.1
293,Company_293,Banking,96168.61,4609.67,2.0,Private/Hybrid,False,False,False,0.1625,0.15,0.0,0.39999999999999997,0.1
294,Company_294,Financial Services,67649.91,2612.33,2.0,Private/Hybrid,False,False,False,0.275,0.15,0.3,0.39999999999999997,0.25
295,Company_295,Technology,84204.27,4972.76,15.0,Multi-cloud,True,True,False,0.55,0.75,0.4,0.7000000000000001,0.35
296,Company_296,Manufacturing,79282.44,4448.59,2.0,AWS,False,True,False,0.6,0.5,0.9999999999999999,0.45,0.45
297,Company_297,Biotechnology,70529.59,5561.83,20.0,AWS,True,True,False,0.6375,0.8,0.55,0.7000000000000001,0.5
298,Company_298,Insurance,96511.93,4859.59,2.0,Private/Hybrid,False,False,False,0.25,0.15,0.3,0.45,0.1
299,Company_299,Technology,71076.8,4608.42,15.0,Multi-cloud,True,True,False,0.55,0.75,0.4,0.7000000000000001,0.35
300,Company_300,Manufacturing,66842.22,2867.74,2.0,AWS,False,True,False,0.5875,0.5,0.9999999999999999,0.39999999999999997,0.45
301,Company_301,Insurance,92649.13,4053.47,2.0,Private/Hybrid,False,False,False,0.2375,0.15,0.3,0.39999999999999997,0.1
302,Company_302,Technology,66203.87,4132.73,15.0,Multi-cloud,True,True,False,0.55,0.75,0.4,0.7000000000000001,0.35
303,Company_303,Pharmaceuticals,89742.56,4717.92,18.0,AWS,True,True,False,0.6375,0.8,0.55,0.7000000000000001,0.5
304,Company_304,Automotive,77527.0,2347.89,5.0,AWS,False,True,False,0.65,0.5,0.9999999999999999,0.5,0.6000000000000001
305,Company_305,Chemicals,84623.73,6530.66,3.0,AWS,True,True,False,0.6,0.8,0.55,0.55,0.5
306,Company_306,Manufacturing,92473.4,7481.07,2.0,AWS,False,True,False,0.6,0.5,0.9999999999999999,0.45,0.45
307,Company_307,Energy,91250.73,8356.27,2.0,AWS,False,True,False,0.6125,0.5,0.8999999999999999,0.45,0.6000000000000001
308,Company_308,Chemicals,75207.07,2496.44,3.0,AWS,True,True,False,0.5875,0.8,0.55,0.5,0.5
309,Company_309,Technology,88527.46,3570.56,15.0,Multi-cloud,True,True,False,0.5375,0.75,0.4,0.6500000000000001,0.35
310,Company_310,Consumer Goods,71969.34,2959.56,2.0,AWS,False,False,False,0.25,0.25,0.25,0.39999999999999997,0.1
311,Company_311,Insurance,76764.45,3537.44,2.0,Private/Hybrid,False,False,False,0.2375,0.15,0.3,0.39999999999999997,0.1
312,Company_312,Banking,83081.24,3720.4,2.0,Private/Hybrid,False,False,False,0.1625,0.15,0.0,0.39999999999999997,0.1
313,Company_313,Banking,78219.42,4560.36,2.0,Private/Hybrid,False,False,False,0.175,0.15,0.0,0.45,0.1
314,Company_314,Automotive,59208.7,4056.29,5.0,AWS,False,True,False,0.6625,0.5,0.9999999999999999,0.55,0.6000000000000001
315,Company_315,Consumer Goods,71425.58,3819.99,2.0,AWS,False,False,False,0.2625,0.25,0.25,0.45,0.1
316,Company_316,Chemicals,81672.68,2093.03,3.0,AWS,True,True,False,0.5875,0.8,0.55,0.5,0.5
317,Company_317,Financial Services,62338.45,5825.95,2.0,Private/Hybrid,False,False,False,0.2875,0.15,0.3,0.45,0.25
318,Company_318,Chemicals,78411.03,3642.77,3.0,AWS,True,True,False,0.5875,0.8,0.55,0.5,0.5
319,Company_319,Technology,81845.77,2846.4,15.0,Multi-cloud,True,True,False,0.5375,0.75,0.4,0.6500000000000001,0.35
320,Company_320,Energy,60902.66,3235.27,2.0,AWS,False,True,False,0.6125,0.5,0.8999999999999999,0.45,0.6000000000000001
321,Company_321,Biotechnology,76309.94,3786.22,20.0,AWS,True,True,False,0.625,0.8,0.55,0.6500000000000001,0.5
322,Company_322,Telecommunications,71084.33,3876.46,2.0,Multi-cloud,True,True,False,0.4625,0.75,0.3,0.45,0.35
323,Company_323,Financial Services,56651.48,2853.85,2.0,Private/Hybrid,False,False,False,0.2875,0.15,0.3,0.45,0.25
324,Company_324,Financial Services,74439.09,2923.88,2.0,Private/Hybrid,False,False,False,0.275,0.15,0.3,0.39999999999999997,0.25
325,Company_325,Insurance,56120.55,3418.6,2.0,Private/Hybrid,False,False,False,0.25,0.15,0.3,0.45,0.1
326,Company_326,Telecommunications,70867.08,4003.6,2.0,Multi-cloud,True,True,False,0.4625,0.75,0.3,0.45,0.35
327,Company_327,Financial Services,68945.29,4672.08,2.0,Private/Hybrid,False,False,False,0.2875,0.15,0.3,0.45,0.25
328,Company_328,Consumer Goods,75012.41,4623.21,2.0,AWS,False,False,False,0.2625,0.25,0.25,0.45,0.1
329,Company_329,Energy,71231.85,6898.31,2.0,AWS,False,True,False,0.6125,0.5,0.8999999999999999,0.45,0.6000000000000001
330,Company_330,Biotechnology,54269.28,4185.96,20.0,AWS,True,True,False,0.6375,0.8,0.55,0.7000000000000001,0.5
331,Company_331,Automotive,54988.47,1815.72,5.0,AWS,False,True,False,0.65,0.5,0.9999999999999999,0.5,0.6000000000000001
332,Company_332,Biotechnology,53626.79,2307.52,20.0,AWS,True,True,False,0.625,0.8,0.55,0.6500000000000001,0.5
333,Company_333,Aerospace & Defense,70879.22,3851.53,4.0,AWS,True,True,False,0.7375,0.8,0.9999999999999999,0.55,0.6000000000000001
334,Company_334,Energy,57496.97,3216.63,2.0,AWS,False,True,False,0.6125,0.5,0.8999999999999999,0.45,0.6000000000000001
335,Company_335,Consumer Goods,58069.73,4374.36,2.0,AWS,False,False,False,0.2625,0.25,0.25,0.45,0.1
336,Company_336,Retail,72721.68,3727.63,2.0,AWS,False,False,False,0.2625,0.25,0.25,0.45,0.1
337,Company_337,Pharmaceuticals,60177.61,3485.97,18.0,AWS,True,True,False,0.6375,0.8,0.55,0.7000000000000001,0.5
338,Company_338,Financial Services,62692.99,4661.02,2.0,Private/Hybrid,False,False,False,0.2875,0.15,0.3,0.45,0.25
339,Company_339,Healthcare,69947.12,2490.58,2.0,AWS,False,False,False,0.325,0.25,0.55,0.39999999999999997,0.1
340,Company_340,Consumer Goods,65467.19,1707.16,2.0,AWS,False,False,False,0.25,0.25,0.25,0.39999999999999997,0.1
341,Company_341,Aerospace & Defense,68601.66,5930.19,4.0,AWS,True,True,False,0.7375,0.8,0.9999999999999999,0.55,0.6000000000000001
342,Company_342,Automotive,72942.43,1638.5,5.0,AWS,False,True,False,0.65,0.5,0.9999999999999999,0.5,0.6000000000000001
343,Company_343,Insurance,50456.01,1784.19,2.0,Private/Hybrid,False,False,False,0.2375,0.15,0.3,0.39999999999999997,0.1
344,Company_344,Telecommunications,60916.6,3071.19,2.0,Multi-cloud,True,True,False,0.4625,0.75,0.3,0.45,0.35
345,Company_345,Biotechnology,50416.44,1344.76,20.0,AWS,True,True,False,0.625,0.8,0.55,0.6500000000000001,0.5
346,Company_346,Consumer Goods,63501.96,4737.5,2.0,AWS,False,False,False,0.2625,0.25,0.25,0.45,0.1
347,Company_347,Consumer Goods,61702.37,1541.7,2.0,AWS,False,False,False,0.25,0.25,0.25,0.39999999999999997,0.1
348,Company_348,Banking,48904.79,2055.38,2.0,Private/Hybrid,False,False,False,0.15,0.15,0.0,0.35,0.1
349,Company_349,Retail,57372.28,2025.82,2.0,AWS,False,False,False,0.25,0.25,0.25,0.39999999999999997,0.1
350,Company_350,Technology,60909.53,3746.09,15.0,Multi-cloud,True,True,False,0.55,0.75,0.4,0.7000000000000001,0.35
351,Company_351,Consumer Goods,54542.65,4422.35,2.0,AWS,False,False,False,0.2625,0.25,0.25,0.45,0.1
352,Company_352,Technology,56829.95,1184.85,15.0,Multi-cloud,True,True,False,0.5375,0.75,0.4,0.6500000000000001,0.35
353,Company_353,Chemicals,55807.62,3148.03,3.0,AWS,True,True,False,0.6,0.8,0.55,0.55,0.5
354,Company_354,Financial Services,51434.46,3841.64,2.0,Private/Hybrid,False,False,False,0.2875,0.15,0.3,0.45,0.25
355,Company_355,Retail,66103.83,4463.68,2.0,AWS,False,False,False,0.2625,0.25,0.25,0.45,0.1
356,Company_356,Aerospace & Defense,45651.03,2338.68,4.0,AWS,True,True,False,0.725,0.8,0.9999999999999999,0.49999999999999994,0.6000000000000001
357,Company_357,Chemicals,55083.82,1207.78,3.0,AWS,True,True,False,0.5875,0.8,0.55,0.5,0.5
358,Company_358,Pharmaceuticals,58843.16,3698.65,18.0,AWS,True,True,False,0.6375,0.8,0.55,0.7000000000000001,0.5
359,Company_359,Manufacturing,46982.04,2538.77,2.0,AWS,False,True,False,0.5875,0.5,0.9999999999999999,0.39999999999999997,0.45
360,Company_360,Manufacturing,45589.05,2513.97,2.0,AWS,False,True,False,0.5875,0.5,0.9999999999999999,0.39999999999999997,0.45
361,Company_361,Financial Services,48328.29,2447.75,2.0,Private/Hybrid,False,False,False,0.275,0.15,0.3,0.39999999999999997,0.25
362,Company_362,Manufacturing,61635.38,3213.82,2.0,AWS,False,True,False,0.6,0.5,0.9999999999999999,0.45,0.45
363,Company_363,Banking,45096.27,2931.81,2.0,Private/Hybrid,False,False,False,0.1625,0.15,0.0,0.39999999999999997,0.1
364,Company_364,Aerospace & Defense,56204.51,3116.31,4.0,AWS,True,True,False,0.7375,0.8,0.9999999999999999,0.55,0.6000000000000001
365,Company_365,Technology,45471.41,924.42,15.0,Multi-cloud,True,True,False,0.525,0.75,0.4,0.6000000000000001,0.35
366,Company_366,Telecommunications,60052.16,4275.32,2.0,Multi-cloud,True,True,False,0.4625,0.75,0.3,0.45,0.35
367,Company_367,Energy,47558.0,2786.69,2.0,AWS,False,True,False,0.6,0.5,0.8999999999999999,0.39999999999999997,0.6000000000000001
368,Company_368,Energy,55063.24,2027.17,2.0,AWS,False,True,False,0.6,0.5,0.8999999999999999,0.39999999999999997,0.6000000000000001
369,Company_369,Technology,59009.4,4030.06,15.0,Multi-cloud,True,True,False,0.55,0.75,0.4,0.7000000000000001,0.35
370,Company_370,Retail,53956.74,2408.84,2.0,AWS,False,False,False,0.25,0.25,0.25,0.39999999999999997,0.1
371,Company_371,Biotechnology,47880.17,4038.11,20.0,AWS,True,True,False,0.625,0.8,0.55,0.65,0.5
372,Company_372,Technology,52185.14,1851.75,15.0,Multi-cloud,True,True,False,0.5375,0.75,0.4,0.6500000000000001,0.35
373,Company_373,Banking,40222.49,1151.55,2.0,Private/Hybrid,False,False,False,0.15,0.15,0.0,0.35,0.1
374,Company_374,Healthcare,48856.44,2863.82,2.0,AWS,False,False,False,0.325,0.25,0.55,0.39999999999999997,0.1
375,Company_375,Consumer Goods,58145.31,3148.22,2.0,AWS,False,False,False,0.2625,0.25,0.25,0.45,0.1
376,Company_376,Automotive,46856.53,1344.81,5.0,AWS,False,True,False,0.6375,0.5,0.9999999999999999,0.44999999999999996,0.6000000000000001
377,Company_377,Telecommunications,52838.87,3565.77,2.0,Multi-cloud,True,True,False,0.4625,0.75,0.3,0.45,0.35
378,Company_378,Pharmaceuticals,45959.97,2661.36,18.0,AWS,True,True,False,0.625,0.8,0.55,0.65,0.5
379,Company_379,Retail,45108.82,2326.98,2.0,AWS,False,False,False,0.25,0.25,0.25,0.39999999999999997,0.1
380,Company_380,Biotechnology,55822.3,1854.98,20.0,AWS,True,True,False,0.625,0.8,0.55,0.6500000000000001,0.5
381,Company_381,Technology,43748.28,3609.46,15.0,Multi-cloud,True,True,False,0.5375,0.75,0.4,0.65,0.35
382,Company_382,Banking,53081.8,3591.22,2.0,Private/Hybrid,False,False,False,0.175,0.15,0.0,0.45,0.1
383,Company_383,Automotive,50075.88,2718.04,5.0,AWS,False,True,False,0.6625,0.5,0.9999999999999999,0.55,0.6000000000000001
384,Company_384,Insurance,51826.47,1319.96,2.0,Private/Hybrid,False,False,False,0.2375,0.15,0.3,0.39999999999999997,0.1
385,Company_385,Technology,54606.33,4372.67,15.0,Multi-cloud,True,True,False,0.55,0.75,0.4,0.7000000000000001,0.35
386,Company_386,Chemicals,48206.17,2439.42,3.0,AWS,True,True,False,0.5875,0.8,0.55,0.49999999999999994,0.5
387,Company_387,Telecommunications,51269.09,2379.24,2.0,Multi-cloud,True,True,False,0.45,0.75,0.3,0.39999999999999997,0.35
388,Company_388,Telecommunications,39287.12,2360.72,2.0,Multi-cloud,True,True,False,0.45,0.75,0.3,0.39999999999999997,0.35
389,Company_389,Retail,52040.61,1413.8,2.0,AWS,False,False,False,0.25,0.25,0.25,0.39999999999999997,0.1
390,Company_390,Pharmaceuticals,48698.95,1858.65,18.0,AWS,True,True,False,0.6125,0.8,0.55,0.6000000000000001,0.5
391,Company_391,Technology,47234.88,2682.64,15.0,Multi-cloud,True,True,False,0.5375,0.75,0.4,0.65,0.35
392,Company_392,Healthcare,38134.42,1385.95,2.0,AWS,False,False,False,0.3125,0.25,0.55,0.35,0.1
393,Company_393,Retail,43208.07,1111.64,2.0,AWS,False,False,False,0.2375,0.25,0.25,0.35,0.1
394,Company_394,Chemicals,45250.26,2481.06,3.0,AWS,True,True,False,0.5875,0.8,0.55,0.49999999999999994,0.5
395,Company_395,Financial Services,41222.24,2067.7,2.0,Private/Hybrid,False,False,False,0.275,0.15,0.3,0.39999999999999997,0.25
396,Company_396,Financial Services,44478.86,4603.58,2.0,Private/Hybrid,False,False,False,0.2875,0.15,0.3,0.45,0.25
397,Company_397,Automotive,41310.73,2950.21,5.0,AWS,False,True,False,0.65,0.5,0.9999999999999999,0.49999999999999994,0.6000000000000001
398,Company_398,Pharmaceuticals,47635.77,3522.64,18.0,AWS,True,True,False,0.625,0.8,0.55,0.65,0.5
399,Company_399,Retail,48776.71,1798.75,2.0,AWS,False,False,False,0.2375,0.25,0.25,0.35,0.1
400,Company_400,Manufacturing,36551.64,2529.14,2.0,AWS,False,True,False,0.5875,0.5,0.9999999999999999,0.39999999999999997,0.45
401,Company_401,Financial Services,39011.04,2047.89,2.0,Private/Hybrid,False,False,False,0.275,0.15,0.3,0.39999999999999997,0.25
402,Company_402,Retail,34061.05,1239.68,2.0,AWS,False,False,False,0.2375,0.25,0.25,0.35,0.1
403,Company_403,Healthcare,43330.77,515.75,2.0,AWS,False,False,False,0.3125,0.25,0.55,0.35,0.1
404,Company_404,Biotechnology,33324.26,1974.16,20.0,AWS,True,True,False,0.625,0.8,0.55,0.65,0.5
405,Company_405,Energy,48315.07,614.56,2.0,AWS,False,True,False,0.5875,0.5,0.8999999999999999,0.35,0.6000000000000001
406,Company_406,Insurance,47387.52,1855.05,2.0,Private/Hybrid,False,False,False,0.225,0.15,0.3,0.35,0.1
407,Company_407,Banking,43845.15,1980.53,2.0,Private/Hybrid,False,False,False,0.15,0.15,0.0,0.35,0.1
408,Company_408,Technology,43574.78,1215.54,15.0,Multi-cloud,True,True,False,0.525,0.75,0.4,0.6000000000000001,0.35
409,Company_409,Automotive,46820.0,468.2,5.0,AWS,False,True,False,0.6375,0.5,0.9999999999999999,0.44999999999999996,0.6000000000000001
410,Company_410,Manufacturing,42701.49,1779.43,2.0,AWS,False,True,False,0.575,0.5,0.9999999999999999,0.35,0.45
411,Company_411,Financial Services,44042.66,4317.39,2.0,Private/Hybrid,False,False,False,0.275,0.15,0.3,0.39999999999999997,0.25
412,Company_412,Biotechnology,32753.84,1948.55,20.0,AWS,True,True,False,0.625,0.8,0.55,0.65,0.5
413,Company_413,Insurance,31548.3,1444.66,2.0,Private/Hybrid,False,False,False,0.225,0.15,0.3,0.35,0.1
414,Company_414,Telecommunications,35640.68,1548.08,2.0,Multi-cloud,True,True,False,0.4375,0.75,0.3,0.35,0.35
415,Company_415,Pharmaceuticals,34788.27,1026.57,18.0,AWS,True,True,False,0.6125,0.8,0.55,0.6000000000000001,0.5
416,Company_416,Energy,32402.33,324.02,2.0,AWS,False,True,False,0.5875,0.5,0.8999999999999999,0.35,0.6000000000000001
417,Company_417,Consumer Goods,44550.96,1953.49,2.0,AWS,False,False,False,0.2375,0.25,0.25,0.35,0.1
418,Company_418,Insurance,37563.43,2284.21,2.0,Private/Hybrid,False,False,False,0.2375,0.15,0.3,0.39999999999999997,0.1
419,Company_419,Automotive,42283.3,2404.33,5.0,AWS,False,True,False,0.65,0.5,0.9999999999999999,0.49999999999999994,0.6000000000000001
420,Company_420,Retail,30369.8,1759.43,2.0,AWS,False,False,False,0.25,0.25,0.25,0.39999999999999997,0.1
421,Company_421,Financial Services,31224.46,2052.39,2.0,Private/Hybrid,False,False,False,0.275,0.15,0.3,0.39999999999999997,0.25
422,Company_422,Consumer Goods,33320.26,1795.11,2.0,AWS,False,False,False,0.25,0.25,0.25,0.39999999999999997,0.1
423,Company_423,Healthcare,37283.56,1433.44,2.0,AWS,False,False,False,0.3125,0.25,0.55,0.35,0.1
424,Company_424,Insurance,40147.16,2490.51,2.0,Private/Hybrid,False,False,False,0.2375,0.15,0.3,0.39999999999999997,0.1
425,Company_425,Biotechnology,29194.22,1534.43,20.0,AWS,True,True,False,0.625,0.8,0.55,0.65,0.5
426,Company_426,Financial Services,35141.52,2178.99,2.0,Private/Hybrid,False,False,False,0.275,0.15,0.3,0.39999999999999997,0.25
427,Company_427,Consumer Goods,39717.8,725.63,2.0,AWS,False,False,False,0.2375,0.25,0.25,0.35,0.1
428,Company_428,Aerospace & Defense,38475.84,2943.9,4.0,AWS,True,True,False,0.725,0.8,0.9999999999999999,0.49999999999999994,0.6000000000000001
429,Company_429,Consumer Goods,34149.61,2195.44,2.0,AWS,False,False,False,0.25,0.25,0.25,0.39999999999999997,0.1
430,Company_430,Healthcare,30571.92,2410.38,2.0,AWS,False,False,False,0.325,0.25,0.55,0.39999999999999997,0.1
431,Company_431,Biotechnology,37740.2,1356.68,20.0,AWS,True,True,False,0.6125,0.8,0.55,0.6000000000000001,0.5
432,Company_432,Manufacturing,35475.23,1423.3,2.0,AWS,False,True,False,0.575,0.5,0.9999999999999999,0.35,0.45
433,Company_433,Financial Services,29090.95,2045.89,2.0,Private/Hybrid,False,False,False,0.275,0.15,0.3,0.39999999999999997,0.25
434,Company_434,Insurance,32567.2,1947.85,2.0,Private/Hybrid,False,False,False,0.2375,0.15,0.3,0.39999999999999997,0.1
435,Company_435,Insurance,33350.74,832.15,2.0,Private/Hybrid,False,False,False,0.225,0.15,0.3,0.35,0.1
436,Company_436,Financial Services,26380.36,1313.23,2.0,Private/Hybrid,False,False,False,0.2625,0.15,0.3,0.35,0.25
437,Company_437,Automotive,31515.72,1859.57,5.0,AWS,False,True,False,0.65,0.5,0.9999999999999999,0.49999999999999994,0.6000000000000001
438,Company_438,Insurance,33899.89,2664.72,2.0,Private/Hybrid,False,False,False,0.2375,0.15,0.3,0.39999999999999997,0.1
439,Company_439,Healthcare,28817.54,1467.79,2.0,AWS,False,False,False,0.325,0.25,0.55,0.39999999999999997,0.1
440,Company_440,Retail,33797.56,2122.95,2.0,AWS,False,False,False,0.25,0.25,0.25,0.39999999999999997,0.1
441,Company_441,Healthcare,27269.05,1796.01,2.0,AWS,False,False,False,0.325,0.25,0.55,0.39999999999999997,0.1
442,Company_442,Energy,30178.71,797.85,2.0,AWS,False,True,False,0.5875,0.5,0.8999999999999999,0.35,0.6000000000000001
443,Company_443,Financial Services,37011.1,2238.89,2.0,Private/Hybrid,False,False,False,0.275,0.15,0.3,0.39999999999999997,0.25
444,Company_444,Aerospace & Defense,28040.3,1528.55,4.0,AWS,True,True,False,0.725,0.8,0.9999999999999999,0.49999999999999994,0.6000000000000001
445,Company_445,Automotive,27834.07,1751.65,5.0,AWS,False,True,False,0.65,0.5,0.9999999999999999,0.49999999999999994,0.6000000000000001
446,Company_446,Manufacturing,35528.36,2178.94,2.0,AWS,False,True,False,0.5875,0.5,0.9999999999999999,0.39999999999999997,0.45
447,Company_447,Retail,35222.48,2513.55,2.0,AWS,False,False,False,0.25,0.25,0.25,0.39999999999999997,0.1
448,Company_448,Retail,30421.2,1476.13,2.0,AWS,False,False,False,0.2375,0.25,0.25,0.35,0.1
449,Company_449,Healthcare,24515.0,1642.09,2.0,AWS,False,False,False,0.325,0.25,0.55,0.39999999999999997,0.1
450,Company_450,Retail,24042.48,1819.2,2.0,AWS,False,False,False,0.25,0.25,0.25,0.39999999999999997,0.1
451,Company_451,Pharmaceuticals,28339.57,1581.78,18.0,AWS,True,True,False,0.625,0.8,0.55,0.65,0.5
452,Company_452,Biotechnology,31379.25,1591.68,20.0,AWS,True,True,False,0.625,0.8,0.55,0.65,0.5
453,Company_453,Aerospace & Defense,24577.02,1838.17,4.0,AWS,True,True,False,0.725,0.8,0.9999999999999999,0.49999999999999994,0.6000000000000001
454,Company_454,Technology,29256.71,1914.75,15.0,Multi-cloud,True,True,False,0.5375,0.75,0.4,0.65,0.35
455,Company_455,Financial Services,32004.37,723.96,2.0,Private/Hybrid,False,False,False,0.2625,0.15,0.3,0.35,0.25
456,Company_456,Pharmaceuticals,25892.99,2099.22,18.0,AWS,True,True,False,0.625,0.8,0.55,0.65,0.5
457,Company_457,Aerospace & Defense,33754.13,2372.23,4.0,AWS,True,True,False,0.725,0.8,0.9999999999999999,0.49999999999999994,0.6000000000000001
458,Company_458,Manufacturing,25973.82,1297.87,2.0,AWS,False,True,False,0.575,0.5,0.9999999999999999,0.35,0.45
459,Company_459,Biotechnology,29060.12,1915.97,20.0,AWS,True,True,False,0.625,0.8,0.55,0.65,0.5
460,Company_460,Technology,22845.44,1436.38,15.0,Multi-cloud,True,True,False,0.5375,0.75,0.4,0.65,0.35
461,Company_461,Biotechnology,24702.14,743.51,20.0,AWS,True,True,False,0.6125,0.8,0.55,0.6000000000000001,0.5
462,Company_462,Pharmaceuticals,23865.91,278.23,18.0,AWS,True,True,False,0.6125,0.8,0.55,0.6000000000000001,0.5
463,Company_463,Manufacturing,23245.14,1282.78,2.0,AWS,False,True,False,0.5875,0.5,0.9999999999999999,0.39999999999999997,0.45
464,Company_464,Banking,29076.46,1386.21,2.0,Private/Hybrid,False,False,False,0.15,0.15,0.0,0.35,0.1
465,Company_465,Insurance,30775.97,1465.36,2.0,Private/Hybrid,False,False,False,0.225,0.15,0.3,0.35,0.1
466,Company_466,Banking,31987.9,1810.46,2.0,Private/Hybrid,False,False,False,0.1625,0.15,0.0,0.39999999999999997,0.1
467,Company_467,Energy,23263.91,1116.6,2.0,AWS,False,True,False,0.5875,0.5,0.8999999999999999,0.35,0.6000000000000001
468,Company_468,Insurance,31129.62,1358.45,2.0,Private/Hybrid,False,False,False,0.225,0.15,0.3,0.35,0.1
469,Company_469,Financial Services,22190.96,862.71,2.0,Private/Hybrid,False,False,False,0.2625,0.15,0.3,0.35,0.25
470,Company_470,Manufacturing,26204.59,1477.33,2.0,AWS,False,True,False,0.5875,0.5,0.9999999999999999,0.39999999999999997,0.45
471,Company_471,Healthcare,25070.26,1678.94,2.0,AWS,False,False,False,0.325,0.25,0.55,0.39999999999999997,0.1
472,Company_472,Banking,22201.72,1508.27,2.0,Private/Hybrid,False,False,False,0.1625,0.15,0.0,0.39999999999999997,0.1
473,Company_473,Manufacturing,28302.28,1361.72,2.0,AWS,False,True,False,0.575,0.5,0.9999999999999999,0.35,0.45
474,Company_474,Pharmaceuticals,29339.44,774.21,18.0,AWS,True,True,False,0.6125,0.8,0.55,0.6000000000000001,0.5
475,Company_475,Aerospace & Defense,24289.97,953.5,4.0,AWS,True,True,False,0.7125,0.8,0.9999999999999999,0.44999999999999996,0.6000000000000001
476,Company_476,Chemicals,26283.63,1646.09,3.0,AWS,True,True,False,0.5875,0.8,0.55,0.49999999999999994,0.5
477,Company_477,Aerospace & Defense,23706.42,1982.49,4.0,AWS,True,True,False,0.725,0.8,0.9999999999999999,0.49999999999999994,0.6000000000000001
478,Company_478,Technology,20178.57,2085.28,15.0,Multi-cloud,True,True,False,0.55,0.75,0.4,0.7000000000000001,0.35
479,Company_479,Healthcare,27078.53,1795.52,2.0,AWS,False,False,False,0.325,0.25,0.55,0.39999999999999997,0.1
480,Company_480,Retail,28142.07,2061.87,2.0,AWS,False,False,False,0.25,0.25,0.25,0.39999999999999997,0.1
481,Company_481,Energy,23180.91,1739.25,2.0,AWS,False,True,False,0.6,0.5,0.8999999999999999,0.39999999999999997,0.6000000000000001
482,Company_482,Retail,23086.25,1458.76,2.0,AWS,False,False,False,0.25,0.25,0.25,0.39999999999999997,0.1
483,Company_483,Insurance,19457.2,835.08,2.0,Private/Hybrid,False,False,False,0.2,0.15,0.3,0.25,0.1
484,Company_484,Pharmaceuticals,24653.92,1049.13,18.0,AWS,True,True,False,0.6125,0.8,0.55,0.6000000000000001,0.5
485,Company_485,Pharmaceuticals,25769.42,1195.39,18.0,AWS,True,True,False,0.6125,0.8,0.55,0.6000000000000001,0.5
486,Company_486,Financial Services,25157.02,1117.94,2.0,Private/Hybrid,False,False,False,0.2625,0.15,0.3,0.35,0.25
487,Company_487,Healthcare,18887.88,1370.75,2.0,AWS,False,False,False,0.3,0.25,0.55,0.3,0.1
488,Company_488,Banking,21649.69,483.65,2.0,Private/Hybrid,False,False,False,0.15,0.15,0.0,0.35,0.1
489,Company_489,Banking,26028.54,260.29,2.0,Private/Hybrid,False,False,False,0.15,0.15,0.0,0.35,0.1
490,Company_490,Consumer Goods,20462.57,1189.62,2.0,AWS,False,False,False,0.25,0.25,0.25,0.39999999999999997,0.1
491,Company_491,Pharmaceuticals,24870.43,752.42,18.0,AWS,True,True,False,0.6125,0.8,0.55,0.6000000000000001,0.5
492,Company_492,Energy,19130.23,1679.86,2.0,AWS,False,True,False,0.575,0.5,0.8999999999999999,0.3,0.6000000000000001
493,Company_493,Aerospace & Defense,24644.69,1399.78,4.0,AWS,True,True,False,0.725,0.8,0.9999999999999999,0.49999999999999994,0.6000000000000001
494,Company_494,Technology,18055.78,418.56,15.0,Multi-cloud,True,True,False,0.5,0.75,0.4,0.5,0.35
495,Company_495,Aerospace & Defense,22289.93,1274.35,4.0,AWS,True,True,False,0.725,0.8,0.9999999999999999,0.49999999999999994,0.6000000000000001
496,Company_496,Retail,19569.5,934.43,2.0,AWS,False,False,False,0.2125,0.25,0.25,0.25,0.1
497,Company_497,Retail,19094.98,894.64,2.0,AWS,False,False,False,0.2125,0.25,0.25,0.25,0.1
498,Company_498,Banking,22829.82,1792.08,2.0,Private/Hybrid,False,False,False,0.1625,0.15,0.0,0.39999999999999997,0.1
499,Company_499,Energy,21517.07,1805.41,2.0,AWS,False,True,False,0.6,0.5,0.8999999999999999,0.39999999999999997,0.6000000000000001
500,Company_500,Biotechnology,19051.83,791.26,20.0,AWS,True,True,False,0.5875,0.8,0.55,0.5,0.5
